ID da Aprovacao,Tipo de Solicitacao,Solicitante,Aprovador,Acao Realizada,Justificativa,Data/Hora,Duracao do Processo
"b79cd154-242...","Compra","Admin","Admin","Aprovado","asgafdsgdsfg","03/08/2025, 18:41:50","N/A"
"b79cd154-242...","Compra","Admin","Admin","Rejeitado","sdfgsdfgsdfg","03/08/2025, 17:30:14","N/A"
"b79cd154-242...","Compra","Admin","Admin","Aprovado","sdfgsdfgdsfg","03/08/2025, 17:30:07","N/A"
"b79cd154-242...","Compra","Admin","Admin","Aprovado","sdfgsdfgsdfg","03/08/2025, 17:30:01","N/A"
"b79cd154-242...","Compra","Admin","Admin","Aprovado","sdfgsdfgsdfg","03/08/2025, 17:29:57","N/A"
"b79cd154-242...","Compra","Admin","Admin","Rejeitado","dfgsdfgsdfg","03/08/2025, 17:29:51","N/A"
"a683032c-4cc...","Férias","Admin","Admin","Aprovado","dfgsdfgsdfg","03/08/2025, 17:29:47","N/A"
"0e05bf45-5c5...","Compra","Admin","Admin","Aprovado","Aprovado via botão rápido","03/08/2025, 17:29:44","N/A"
"5c81cb48-071...","Compra","Admin","Admin","Rejeitado","Rejeitado via botão rápido","03/08/2025, 17:29:43","N/A"
"206433a5-1ed...","Compra","Admin","Admin","Aprovado","asfdafasd","03/08/2025, 17:29:40","N/A"
"3cfacd19-1c7...","Compra","Admin","Admin","Aprovado","Aprovado via botão rápido","03/08/2025, 17:04:08","N/A"
"8734be06-d99...","Férias","Admin","Admin","Rejeitado","Rejeitado via botão rápido","03/08/2025, 17:04:07","N/A"
"0015df76-71f...","Reembolso","Maria.santos","Admin","Deletado","Aprovacao deletada - Tipo: reimbursement, Solicitante: maria.santos@empresa.com","03/08/2025, 16:55:59","N/A"
"1cedb443-31f...","Férias","Admin","Admin","Rejeitado","Rejeitado via botão rápido","03/08/2025, 16:55:56","N/A"
"7f1e0fba-049...","Férias","Admin","Admin","Aprovado","Aprovado via botão rápido","03/08/2025, 16:55:55","N/A"
"671a266c-e91...","Férias","Carlos.rodrigues","Admin","Deletado","Aprovacao deletada - Tipo: vacation, Solicitante: carlos.rodrigues@empresa.com","03/08/2025, 07:05:28","N/A"
"a120739e-271...","Compra","Admin","Admin","Aprovado","Aprovado via botão rápido","03/08/2025, 07:05:21","N/A"
"ebb64e2a-5bd...","Compra","Admin","Admin","Rejeitado","Rejeitado via botão rápido","03/08/2025, 07:05:20","N/A"
"ef1a9b26-178...","Férias","Joao.silva","Admin","Deletado","Aprovacao deletada - Tipo: vacation, Solicitante: joao.silva@empresa.com","03/08/2025, 07:00:09","N/A"
"aba15ef2-b9e...","Férias","Admin","Admin","Aprovado","Aprovado via botão rápido","03/08/2025, 07:00:06","N/A"
"7dbd6344-04a...","Compra","Admin","Admin","Rejeitado","Rejeitado via botão rápido","03/08/2025, 07:00:05","N/A"
"fa2ee91f-c73...","Reembolso","Carlos.rodrigues","Admin","Deletado","Aprovacao deletada - Tipo: reimbursement, Solicitante: carlos.rodrigues@empresa.com","03/08/2025, 06:53:45","N/A"
"27651ead-ab6...","Reembolso","Admin","Admin","Rejeitado","Rejeitado via botão rápido","03/08/2025, 06:53:38","N/A"
"9a2d90d1-533...","Reembolso","Admin","Admin","Aprovado","Aprovado via botão rápido","03/08/2025, 06:53:37","N/A"
"103fba79-438...","Reembolso","Gabriel.lima","Admin","Deletado","Aprovacao deletada - Tipo: reimbursement, Solicitante: gabriel.lima@empresa.com","03/08/2025, 06:43:57","N/A"
"380f6da6-7f7...","Férias","Admin","Admin","Aprovado","Aprovado via botão rápido","03/08/2025, 06:43:53","N/A"
"0f3acd76-930...","Férias","Admin","Admin","Rejeitado","Rejeitado via botão rápido","03/08/2025, 06:43:52","N/A"
"958ac9d0-50f...","Férias","Carlos.rodrigues","Admin","Deletado","Aprovacao deletada - Tipo: vacation, Solicitante: carlos.rodrigues@empresa.com","03/08/2025, 06:37:30","N/A"
"53354290-ea7...","Reembolso","Admin","Admin","Aprovado","Aprovado via botão rápido","03/08/2025, 06:37:28","N/A"
"2c34dd4a-cec...","Compra","Admin","Admin","Rejeitado","Rejeitado via botão rápido","03/08/2025, 06:37:27","N/A"
"7e8971c3-2ea...","Compra","Lucas.almeida","Admin","Deletado","Aprovacao deletada - Tipo: purchase, Solicitante: lucas.almeida@empresa.com","03/08/2025, 06:29:20","N/A"
"8a33823a-a9b...","Reembolso","Admin","Admin","Aprovado","asdfasdfasdf","03/08/2025, 06:20:15","N/A"
"7e8971c3-2ea...","N/A","Admin","Admin","Restaurado","Aprovação restaurada por admin@empresa.com - Status original: pending","03/08/2025, 06:17:07","N/A"
"8a33823a-a9b...","Reembolso","Admin","Admin","Rejeitado","Rejeitado via botão rápido","03/08/2025, 06:16:14","N/A"
"e23d09c0-714...","Compra","Admin","Admin","Aprovado","Aprovado via botão rápido","03/08/2025, 06:16:13","N/A"
"7e8971c3-2ea...","Compra","Lucas.almeida","Admin","Deletado","Aprovacao deletada - Tipo: purchase, Solicitante: lucas.almeida@empresa.com","03/08/2025, 06:09:21","N/A"
"a7ad14b4-67a...","Compra","Ana.costa","Admin","Deletado","Aprovacao deletada - Tipo: purchase, Solicitante: ana.costa@empresa.com","03/08/2025, 06:09:17","N/A"
"e504aafb-168...","Compra","Admin","Admin","Aprovado","Aprovado via botão rápido","03/08/2025, 06:09:09","N/A"
"e8fe00a7-aa4...","Férias","Admin","Admin","Rejeitado","Rejeitado via botão rápido","03/08/2025, 06:09:08","N/A"
"b7095ba7-34e...","Compra","Admin","Admin","Rejeitado","Rejeitado via botão rápido","03/08/2025, 05:52:07","N/A"
"a2152e99-2e1...","Compra","Admin","Admin","Aprovado","Aprovado via botão rápido","03/08/2025, 05:52:03","N/A"
"1e83424d-fcd...","Reembolso","Admin","Admin","Aprovado","Aprovado via botão rápido","03/08/2025, 05:52:01","N/A"
"c2ebf879-077...","Compra","Carlos.rodrigues","Admin","Deletado","Aprovacao deletada - Tipo: purchase, Solicitante: carlos.rodrigues@empresa.com","03/08/2025, 05:51:58","N/A"
"fa00766c-50e...","Compra","Admin","Admin","Deletado","Aprovacao deletada - Tipo: purchase, Solicitante: admin@empresa.com","03/08/2025, 05:51:01","N/A"
"cbc3c96f-ab3...","Férias","Admin","Admin","Aprovado","Aprovado via botão rápido","03/08/2025, 05:50:59","N/A"
"b96eeead-09e...","Férias","Admin","Admin","Rejeitado","Rejeitado via botão rápido","03/08/2025, 05:50:58","N/A"
"ec9bf50a-d30...","Reembolso","Admin","Admin","Deletado","Aprovacao deletada - Tipo: reimbursement, Solicitante: admin@empresa.com","03/08/2025, 05:45:20","N/A"
"53a910bf-cdf...","Férias","Admin","Admin","Rejeitado","asdasdasda","03/08/2025, 05:43:38","N/A"
"53a910bf-cdf...","Férias","Admin","Admin","Aprovado","asdasdasdas","03/08/2025, 05:33:27","N/A"
"53a910bf-cdf...","Férias","Admin","Admin","Rejeitado","gsdfgsdfgsdfgdsf","03/08/2025, 05:16:49","N/A"
"08878c2e-dfe...","Férias","Admin","Admin","Aprovado","gsdfgsdfgsdf","03/08/2025, 05:16:37","N/A"
"08878c2e-dfe...","Férias","Admin","Admin","Rejeitado","Rejeitado via botão rápido","03/08/2025, 05:15:58","N/A"
"53a910bf-cdf...","Férias","Admin","Admin","Aprovado","Aprovado via botão rápido","03/08/2025, 05:15:57","N/A"
"52448fb5-0e7...","Férias","Isabella.gomes","Admin","Deletado","Aprovacao deletada - Tipo: vacation, Solicitante: isabella.gomes@empresa.com","03/08/2025, 05:15:27","N/A"
"e61779de-9f2...","Férias","Admin","Admin","Rejeitado","Rejeitado via botão rápido","03/08/2025, 05:15:18","N/A"
"44571624-544...","Reembolso","Admin","Admin","Aprovado","Aprovado via botão rápido","03/08/2025, 05:15:17","N/A"
"5281d243-dd0...","Compra","Admin","Admin","Rejeitado","Rejeitado via botão rápido","03/08/2025, 05:10:31","N/A"
"5281d243-dd0...","Compra","Admin","Admin","Restaurado","Aprovação restaurada por admin@empresa.com - Status original: pending","03/08/2025, 05:10:19","N/A"
"5281d243-dd0...","Compra","Carlos.rodrigues","Admin","Deletado","Aprovacao deletada - Tipo: purchase, Solicitante: carlos.rodrigues@empresa.com","03/08/2025, 05:09:51","N/A"
"08b119f6-c17...","Compra","Carlos.rodrigues","Admin","Deletado","Aprovacao deletada - Tipo: purchase, Solicitante: carlos.rodrigues@empresa.com","03/08/2025, 05:09:50","N/A"
"ac45c72d-508...","Férias","Sophia.martins","Admin","Deletado","Aprovacao deletada - Tipo: vacation, Solicitante: sophia.martins@empresa.com","03/08/2025, 05:09:45","N/A"
"44d0cd54-90e...","Férias","Isabella.gomes","Admin","Deletado","Aprovacao deletada - Tipo: vacation, Solicitante: isabella.gomes@empresa.com","03/08/2025, 04:59:47","N/A"
"29a0a925-036...","Férias","Admin","Admin","Rejeitado","Rejeitado via botão rápido","03/08/2025, 04:59:09","N/A"
"046ed1c3-9c5...","Reembolso","Admin","Admin","Aprovado","Aprovado via botão rápido","03/08/2025, 04:59:07","N/A"
"2be80ff2-0fa...","Reembolso","Admin","Admin","Rejeitado","Rejeitado - não atende aos critérios estabelecidos","03/08/2025, 04:58:24","N/A"
"f86c8a62-20f...","Compra","Admin","Admin","Aprovado","Aprovado conforme política da empresa","03/08/2025, 04:58:24","N/A"
"cea1dfb8-4ef...","Compra","Manager","Manager","Rejeitado","Rejeitado - não atende aos critérios estabelecidos","03/08/2025, 04:58:24","N/A"
"d97b64df-813...","Compra","Approver","Approver","Rejeitado","Rejeitado - não atende aos critérios estabelecidos","03/08/2025, 04:58:24","N/A"
"5a4cb4d1-f0c...","Férias","Admin","Admin","Rejeitado","Rejeitado - não atende aos critérios estabelecidos","03/08/2025, 04:58:24","N/A"
"c3b0539a-16a...","Compra","Manager","Manager","Rejeitado","Rejeitado - não atende aos critérios estabelecidos","03/08/2025, 04:58:24","N/A"
"b8782a01-80d...","Compra","Admin","Admin","Rejeitado","Rejeitado - não atende aos critérios estabelecidos","03/08/2025, 04:58:24","N/A"
"339a5bca-781...","Reembolso","Admin","Admin","Aprovado","Aprovado conforme política da empresa","03/08/2025, 04:58:24","N/A"
"8c5aa0fc-f91...","Compra","Admin","Admin","Aprovado","Aprovado conforme política da empresa","03/08/2025, 04:58:24","N/A"
"f69d2d8a-ea6...","Compra","Approver","Approver","Rejeitado","Rejeitado - não atende aos critérios estabelecidos","03/08/2025, 04:58:24","N/A"
"06650694-c08...","Férias","Admin","Admin","Rejeitado","Rejeitado - não atende aos critérios estabelecidos","03/08/2025, 04:58:24","N/A"
"f1686c02-b05...","Compra","Approver","Approver","Aprovado","Aprovado conforme política da empresa","03/08/2025, 04:58:24","N/A"
"78c2a727-87b...","Compra","Admin","Admin","Rejeitado","Rejeitado - não atende aos critérios estabelecidos","03/08/2025, 04:58:24","N/A"
"a585f173-774...","Reembolso","Admin","Admin","Rejeitado","Rejeitado - não atende aos critérios estabelecidos","03/08/2025, 04:58:24","N/A"
"6078104e-933...","Reembolso","Admin","Admin","Aprovado","Aprovado conforme política da empresa","03/08/2025, 04:58:24","N/A"
"99e767ae-328...","Compra","Admin","Admin","Aprovado","Aprovado conforme política da empresa","03/08/2025, 04:58:24","N/A"
"6f65269a-9e5...","Reembolso","Manager","Manager","Aprovado","Aprovado conforme política da empresa","03/08/2025, 04:58:24","N/A"
"657ac502-ae2...","Reembolso","Approver","Approver","Aprovado","Aprovado conforme política da empresa","03/08/2025, 04:58:24","N/A"
"ddaa168d-ca9...","Férias","Manager","Manager","Rejeitado","Rejeitado - não atende aos critérios estabelecidos","03/08/2025, 04:58:24","N/A"
"2c2bde77-9c7...","Reembolso","Manager","Manager","Aprovado","Aprovado conforme política da empresa","03/08/2025, 04:58:24","N/A"
"64d3fee1-240...","Férias","Approver","Approver","Rejeitado","Rejeitado - não atende aos critérios estabelecidos","03/08/2025, 04:58:24","N/A"
"2cd15389-b04...","Compra","Manager","Manager","Aprovado","Aprovado conforme política da empresa","03/08/2025, 04:58:24","N/A"
"1aa7bfbf-96c...","Compra","Admin","Admin","Aprovado","Aprovado conforme política da empresa","03/08/2025, 04:58:24","N/A"
"29972284-189...","Férias","Manager","Manager","Rejeitado","Rejeitado - não atende aos critérios estabelecidos","03/08/2025, 04:58:24","N/A"
"993d40a4-e9a...","Compra","Admin","Admin","Aprovado","Aprovado conforme política da empresa","03/08/2025, 04:58:24","N/A"
"153e52d4-2ba...","Férias","Approver","Approver","Rejeitado","Rejeitado - não atende aos critérios estabelecidos","03/08/2025, 04:58:24","N/A"
"b8c86ca0-bb9...","Férias","Admin","Admin","Aprovado","Aprovado conforme política da empresa","03/08/2025, 04:58:24","N/A"
"6dd22b4c-cc9...","Férias","Manager","Manager","Aprovado","Aprovado conforme política da empresa","03/08/2025, 04:58:24","N/A"
"c5371b27-1be...","Férias","Manager","Manager","Rejeitado","Rejeitado - não atende aos critérios estabelecidos","03/08/2025, 04:58:24","N/A"
"ba8bed58-b74...","Férias","Admin","Admin","Rejeitado","Rejeitado - não atende aos critérios estabelecidos","03/08/2025, 04:58:24","N/A"
"fb0b4f8a-6ba...","Férias","Approver","Approver","Aprovado","Aprovado conforme política da empresa","03/08/2025, 04:58:24","N/A"
"7c145a77-bde...","Compra","Admin","Admin","Rejeitado","Rejeitado - não atende aos critérios estabelecidos","03/08/2025, 04:58:24","N/A"
"27b7ca2a-4d9...","Compra","Manager","Manager","Rejeitado","Rejeitado - não atende aos critérios estabelecidos","03/08/2025, 04:58:24","N/A"
"1b0d2f89-bdd...","Compra","Manager","Manager","Aprovado","Aprovado conforme política da empresa","03/08/2025, 04:58:24","N/A"
"b0e42af2-b06...","Reembolso","Approver","Approver","Aprovado","Aprovado conforme política da empresa","03/08/2025, 04:58:24","N/A"
"fde890e6-c79...","Férias","Manager","Manager","Rejeitado","Rejeitado - não atende aos critérios estabelecidos","03/08/2025, 04:58:24","N/A"
"099dc896-6cc...","Férias","Admin","Admin","Aprovado","Aprovado conforme política da empresa","03/08/2025, 04:58:24","N/A"
"c7e25a3c-c77...","Férias","Admin","Admin","Aprovado","Aprovado conforme política da empresa","03/08/2025, 04:58:24","N/A"
"f4196b5e-d31...","Férias","Manager","Manager","Aprovado","Aprovado conforme política da empresa","03/08/2025, 04:58:24","N/A"
"691ac831-c79...","Férias","Admin","Admin","Aprovado","Aprovado conforme política da empresa","03/08/2025, 04:58:24","N/A"
"a3193885-2b6...","Reembolso","Approver","Approver","Rejeitado","Rejeitado - não atende aos critérios estabelecidos","03/08/2025, 04:58:24","N/A"
"13b8bcdf-beb...","Compra","Approver","Approver","Rejeitado","Rejeitado - não atende aos critérios estabelecidos","03/08/2025, 04:58:24","N/A"
"738d0a7e-8ba...","Férias","Admin","Admin","Aprovado","Aprovado conforme política da empresa","03/08/2025, 04:58:24","N/A"
"8e233b3f-0ae...","Reembolso","Admin","Admin","Aprovado","Aprovado conforme política da empresa","03/08/2025, 04:58:24","N/A"
"f9c749f6-ebc...","Reembolso","Approver","Approver","Rejeitado","Rejeitado - não atende aos critérios estabelecidos","03/08/2025, 04:58:24","N/A"
"e4805ddb-b74...","Férias","Approver","Approver","Rejeitado","Rejeitado - não atende aos critérios estabelecidos","03/08/2025, 04:58:24","N/A"
"0c2f7a6d-ce4...","Férias","Approver","Approver","Rejeitado","Rejeitado - não atende aos critérios estabelecidos","03/08/2025, 04:58:24","N/A"
"e89ef172-b1b...","Férias","Manager","Manager","Aprovado","Aprovado conforme política da empresa","03/08/2025, 04:58:24","N/A"
"9a778393-e31...","Férias","Admin","Admin","Aprovado","Aprovado conforme política da empresa","03/08/2025, 04:58:24","N/A"
"654508f4-ca4...","Férias","Admin","Admin","Aprovado","Aprovado conforme política da empresa","03/08/2025, 04:58:24","N/A"
"467fd90e-c45...","Reembolso","Manager","Manager","Aprovado","Aprovado conforme política da empresa","03/08/2025, 04:58:24","N/A"
"f16ba04f-128...","Reembolso","Approver","Approver","Aprovado","Aprovado conforme política da empresa","03/08/2025, 04:58:24","N/A"
"2e9a1ddb-612...","Compra","Manager","Manager","Rejeitado","Rejeitado - não atende aos critérios estabelecidos","03/08/2025, 04:58:24","N/A"
"119c2a19-f7e...","Férias","Manager","Manager","Aprovado","Aprovado conforme política da empresa","03/08/2025, 04:58:24","N/A"
"6bda2d52-db9...","Compra","Admin","Admin","Rejeitado","Rejeitado - não atende aos critérios estabelecidos","03/08/2025, 04:58:24","N/A"
"02b87590-3ff...","Compra","Manager","Manager","Rejeitado","Rejeitado - não atende aos critérios estabelecidos","03/08/2025, 04:58:24","N/A"
"20038cc3-a7f...","Reembolso","Admin","Admin","Aprovado","Aprovado conforme política da empresa","03/08/2025, 04:58:24","N/A"
"eeb5b063-987...","Reembolso","Manager","Manager","Rejeitado","Rejeitado - não atende aos critérios estabelecidos","03/08/2025, 04:58:24","N/A"
"a82d5c6e-9e8...","Compra","Manager","Manager","Rejeitado","Rejeitado - não atende aos critérios estabelecidos","03/08/2025, 04:58:24","N/A"
"ae3a163c-c80...","Férias","Admin","Admin","Rejeitado","Rejeitado - não atende aos critérios estabelecidos","03/08/2025, 04:58:24","N/A"
"576d3ea9-d70...","Férias","Admin","Admin","Rejeitado","Rejeitado - não atende aos critérios estabelecidos","03/08/2025, 04:58:24","N/A"
"58c1972f-a59...","Férias","Approver","Approver","Rejeitado","Rejeitado - não atende aos critérios estabelecidos","03/08/2025, 04:58:24","N/A"
"634b1a0f-fb8...","Compra","Manager","Manager","Aprovado","Aprovado conforme política da empresa","03/08/2025, 04:58:24","N/A"
"59cbe4ce-6fb...","Compra","Approver","Approver","Rejeitado","Rejeitado - não atende aos critérios estabelecidos","03/08/2025, 04:58:24","N/A"
"6115b13f-ca4...","Compra","Admin","Admin","Aprovado","Aprovado conforme política da empresa","03/08/2025, 04:58:24","N/A"
"616a07b1-339...","Compra","Approver","Approver","Aprovado","Aprovado conforme política da empresa","03/08/2025, 04:58:24","N/A"
"31a857c8-4e7...","Férias","Admin","Admin","Rejeitado","Rejeitado - não atende aos critérios estabelecidos","03/08/2025, 04:58:24","N/A"
"8150a3e1-01a...","Compra","Approver","Approver","Rejeitado","Rejeitado - não atende aos critérios estabelecidos","03/08/2025, 04:58:24","N/A"
"013ee911-119...","Compra","Manager","Manager","Rejeitado","Rejeitado - não atende aos critérios estabelecidos","03/08/2025, 04:58:24","N/A"
"58c23c81-cf3...","Reembolso","Manager","Manager","Aprovado","Aprovado conforme política da empresa","03/08/2025, 04:58:24","N/A"
"797e53dc-082...","Compra","Manager","Manager","Aprovado","Aprovado conforme política da empresa","03/08/2025, 04:58:24","N/A"
"5cfe93f0-c35...","Compra","Admin","Admin","Aprovado","Aprovado conforme política da empresa","03/08/2025, 04:58:24","N/A"
"360e20f9-da4...","Férias","Admin","Admin","Rejeitado","Rejeitado - não atende aos critérios estabelecidos","03/08/2025, 04:58:24","N/A"
"9487a117-4f9...","Compra","Manager","Manager","Rejeitado","Rejeitado - não atende aos critérios estabelecidos","03/08/2025, 04:58:24","N/A"
"380d1bed-7e0...","Reembolso","Admin","Admin","Rejeitado","Rejeitado - não atende aos critérios estabelecidos","03/08/2025, 04:58:24","N/A"
"ccd8e9cb-839...","Reembolso","Admin","Admin","Rejeitado","Rejeitado - não atende aos critérios estabelecidos","03/08/2025, 04:58:24","N/A"
"309468dd-30e...","Reembolso","Admin","Admin","Aprovado","Aprovado conforme política da empresa","03/08/2025, 04:58:24","N/A"
"a2f542b6-6bd...","Compra","Admin","Admin","Aprovado","Aprovado conforme política da empresa","03/08/2025, 04:58:24","N/A"
"b0b7a7c6-31c...","Reembolso","Admin","Admin","Aprovado","Aprovado conforme política da empresa","03/08/2025, 04:58:24","N/A"
"0e8cf04d-159...","Reembolso","Approver","Approver","Aprovado","Aprovado conforme política da empresa","03/08/2025, 04:58:24","N/A"
"e2223010-c24...","Férias","Manager","Manager","Aprovado","Aprovado conforme política da empresa","03/08/2025, 04:58:24","N/A"
"3d0847dc-811...","Compra","Approver","Approver","Rejeitado","Rejeitado - não atende aos critérios estabelecidos","03/08/2025, 04:58:24","N/A"
"4d096f3b-510...","Reembolso","Manager","Manager","Aprovado","Aprovado conforme política da empresa","03/08/2025, 04:58:24","N/A"
"c0b638b1-059...","Reembolso","Admin","Admin","Rejeitado","Rejeitado - não atende aos critérios estabelecidos","03/08/2025, 04:58:24","N/A"
"a47ad387-140...","Compra","Manager","Manager","Aprovado","Aprovado conforme política da empresa","03/08/2025, 04:58:24","N/A"
"5080390d-e98...","Férias","Approver","Approver","Aprovado","Aprovado conforme política da empresa","03/08/2025, 04:58:24","N/A"
"fc660299-e25...","Compra","Admin","Admin","Aprovado","Aprovado conforme política da empresa","03/08/2025, 04:58:24","N/A"
"58b6f743-645...","Férias","Manager","Manager","Aprovado","Aprovado conforme política da empresa","03/08/2025, 04:58:24","N/A"
"aa89c177-fa1...","Reembolso","Admin","Admin","Rejeitado","Rejeitado - não atende aos critérios estabelecidos","03/08/2025, 04:58:24","N/A"
"b5831e55-b7e...","Férias","Manager","Manager","Rejeitado","Rejeitado - não atende aos critérios estabelecidos","03/08/2025, 04:58:24","N/A"
"1fb23ab0-524...","Férias","Admin","Admin","Rejeitado","Rejeitado - não atende aos critérios estabelecidos","03/08/2025, 04:58:24","N/A"
"f9865f56-5c2...","Férias","Admin","Admin","Aprovado","Aprovado conforme política da empresa","03/08/2025, 04:58:24","N/A"
"de4a178b-6f3...","Compra","Admin","Admin","Aprovado","Aprovado conforme política da empresa","03/08/2025, 04:58:24","N/A"
"25bb8302-425...","Reembolso","Admin","Admin","Aprovado","Aprovado conforme política da empresa","03/08/2025, 04:58:24","N/A"
"a7610546-a83...","Férias","Manager","Manager","Rejeitado","Rejeitado - não atende aos critérios estabelecidos","03/08/2025, 04:58:24","N/A"
"0ca5b1ef-01b...","Férias","Manager","Manager","Rejeitado","Rejeitado - não atende aos critérios estabelecidos","03/08/2025, 04:58:24","N/A"
"bf3b6152-5cb...","Férias","Admin","Admin","Rejeitado","Rejeitado - não atende aos critérios estabelecidos","03/08/2025, 04:58:24","N/A"
"7a334fa6-427...","Férias","Manager","Manager","Rejeitado","Rejeitado - não atende aos critérios estabelecidos","03/08/2025, 04:58:24","N/A"
"498ba64f-e35...","Compra","Manager","Manager","Rejeitado","Rejeitado - não atende aos critérios estabelecidos","03/08/2025, 04:58:24","N/A"
"35b2e1b1-db2...","Férias","Manager","Manager","Aprovado","Aprovado conforme política da empresa","03/08/2025, 04:58:24","N/A"
"8f6245a0-427...","Férias","Approver","Approver","Aprovado","Aprovado conforme política da empresa","03/08/2025, 04:58:24","N/A"
"dd9e6666-0ea...","Reembolso","Approver","Approver","Aprovado","Aprovado conforme política da empresa","03/08/2025, 04:58:24","N/A"
"d57145d3-91a...","Reembolso","Manager","Manager","Aprovado","Aprovado conforme política da empresa","03/08/2025, 04:58:24","N/A"
"e29301f8-edb...","Reembolso","Manager","Manager","Rejeitado","Rejeitado - não atende aos critérios estabelecidos","03/08/2025, 04:58:24","N/A"
"62d4b3e4-f46...","Reembolso","Approver","Approver","Aprovado","Aprovado conforme política da empresa","03/08/2025, 04:58:24","N/A"
"476872f7-f66...","Reembolso","Manager","Manager","Aprovado","Aprovado conforme política da empresa","03/08/2025, 04:58:24","N/A"
"b8401c6f-59f...","Compra","Manager","Manager","Rejeitado","Rejeitado - não atende aos critérios estabelecidos","03/08/2025, 04:58:24","N/A"
"f9f1734b-f37...","Compra","Admin","Admin","Rejeitado","Rejeitado - não atende aos critérios estabelecidos","03/08/2025, 04:58:24","N/A"
"64c3c74e-3c3...","Férias","Admin","Admin","Rejeitado","Rejeitado - não atende aos critérios estabelecidos","03/08/2025, 04:58:24","N/A"
"8cd00afd-424...","Reembolso","Manager","Manager","Aprovado","Aprovado conforme política da empresa","03/08/2025, 04:58:24","N/A"
"3c8ae08b-fc3...","Férias","Manager","Manager","Aprovado","Aprovado conforme política da empresa","03/08/2025, 04:58:24","N/A"
"7191ad49-a9d...","Compra","Approver","Approver","Rejeitado","Rejeitado - não atende aos critérios estabelecidos","03/08/2025, 04:58:24","N/A"
"7f8ad4a1-77b...","Férias","Admin","Admin","Aprovado","Aprovado conforme política da empresa","03/08/2025, 04:58:24","N/A"
"2bea3caa-73b...","Compra","Approver","Approver","Aprovado","Aprovado conforme política da empresa","03/08/2025, 04:58:24","N/A"
"69e4e75b-16e...","Compra","Admin","Admin","Aprovado","Aprovado conforme política da empresa","03/08/2025, 04:58:24","N/A"
"65e137b5-5b1...","Férias","Approver","Approver","Rejeitado","Rejeitado - não atende aos critérios estabelecidos","03/08/2025, 04:58:24","N/A"
"c196e6ce-af5...","Férias","Manager","Manager","Rejeitado","Rejeitado - não atende aos critérios estabelecidos","03/08/2025, 04:58:24","N/A"
"72a167bb-fcd...","Compra","Manager","Manager","Aprovado","Aprovado conforme política da empresa","03/08/2025, 04:58:24","N/A"
"42bf6508-947...","Férias","Admin","Admin","Rejeitado","Rejeitado - não atende aos critérios estabelecidos","03/08/2025, 04:58:24","N/A"
"21a0ea88-fb3...","Compra","Approver","Approver","Rejeitado","Rejeitado - não atende aos critérios estabelecidos","03/08/2025, 04:58:24","N/A"
"4b490e4d-65d...","Férias","Approver","Approver","Aprovado","Aprovado conforme política da empresa","03/08/2025, 04:58:24","N/A"
"dbc485ce-4b2...","Férias","Approver","Approver","Aprovado","Aprovado conforme política da empresa","03/08/2025, 04:58:24","N/A"
"ac4451cb-424...","Compra","Manager","Manager","Aprovado","Aprovado conforme política da empresa","03/08/2025, 04:58:24","N/A"
"55704b6f-b74...","Reembolso","Admin","Admin","Rejeitado","Rejeitado - não atende aos critérios estabelecidos","03/08/2025, 04:58:24","N/A"
"4b5e5e93-b67...","Férias","Approver","Approver","Aprovado","Aprovado conforme política da empresa","03/08/2025, 04:58:24","N/A"
"1b751839-ada...","Reembolso","Approver","Approver","Aprovado","Aprovado conforme política da empresa","03/08/2025, 04:58:24","N/A"
"1a183baf-a31...","Reembolso","Admin","Admin","Rejeitado","Rejeitado - não atende aos critérios estabelecidos","03/08/2025, 04:58:24","N/A"
"660e9b4c-85c...","Reembolso","Manager","Manager","Aprovado","Aprovado conforme política da empresa","03/08/2025, 04:58:24","N/A"
"04196be7-a58...","Reembolso","Admin","Admin","Aprovado","Aprovado conforme política da empresa","03/08/2025, 04:57:37","N/A"
"bc61052f-287...","Férias","Manager","Manager","Rejeitado","Rejeitado - não atende aos critérios estabelecidos","03/08/2025, 04:57:37","N/A"
"85c038bb-698...","Reembolso","Approver","Approver","Aprovado","Aprovado conforme política da empresa","03/08/2025, 04:57:37","N/A"
"fdf6a5e1-c24...","Reembolso","Admin","Admin","Rejeitado","Rejeitado - não atende aos critérios estabelecidos","03/08/2025, 04:57:37","N/A"
"a6414c39-0ff...","Compra","Admin","Admin","Aprovado","Aprovado conforme política da empresa","03/08/2025, 04:57:37","N/A"
"ae1f4e10-be3...","Compra","Approver","Approver","Aprovado","Aprovado conforme política da empresa","03/08/2025, 04:57:37","N/A"
"a31cf344-d69...","Reembolso","Manager","Manager","Aprovado","Aprovado conforme política da empresa","03/08/2025, 04:57:37","N/A"
"601bbe78-a85...","Compra","Admin","Admin","Rejeitado","Rejeitado - não atende aos critérios estabelecidos","03/08/2025, 04:57:37","N/A"
"a6c91063-b81...","Férias","Manager","Manager","Aprovado","Aprovado conforme política da empresa","03/08/2025, 04:57:37","N/A"
"ab02c303-fe9...","Compra","Admin","Admin","Aprovado","Aprovado conforme política da empresa","03/08/2025, 04:57:37","N/A"
"cad7464b-8ad...","Férias","Admin","Admin","Rejeitado","Rejeitado - não atende aos critérios estabelecidos","03/08/2025, 04:57:37","N/A"
"e6e51a32-4da...","Compra","Admin","Admin","Rejeitado","Rejeitado - não atende aos critérios estabelecidos","03/08/2025, 04:57:37","N/A"
"fb6ec55a-4b4...","Férias","Manager","Manager","Aprovado","Aprovado conforme política da empresa","03/08/2025, 04:57:37","N/A"
"37f39e5e-0c9...","Compra","Approver","Approver","Aprovado","Aprovado conforme política da empresa","03/08/2025, 04:57:37","N/A"
"071e7470-cf1...","Férias","Admin","Admin","Aprovado","Aprovado conforme política da empresa","03/08/2025, 04:57:37","N/A"
"99a0c0fb-a25...","Compra","Approver","Approver","Rejeitado","Rejeitado - não atende aos critérios estabelecidos","03/08/2025, 04:57:37","N/A"
"ae58845a-ff6...","Reembolso","Admin","Admin","Aprovado","Aprovado conforme política da empresa","03/08/2025, 04:57:37","N/A"
"3df662e0-4b7...","Reembolso","Approver","Approver","Aprovado","Aprovado conforme política da empresa","03/08/2025, 04:57:37","N/A"
"9f4a9bbb-c6d...","Reembolso","Admin","Admin","Rejeitado","Rejeitado - não atende aos critérios estabelecidos","03/08/2025, 04:57:37","N/A"
"aaa51fad-39a...","Compra","Approver","Approver","Rejeitado","Rejeitado - não atende aos critérios estabelecidos","03/08/2025, 04:57:37","N/A"
"803e4f99-c82...","Reembolso","Admin","Admin","Aprovado","Aprovado conforme política da empresa","03/08/2025, 04:57:37","N/A"
"cd407b34-0b4...","Reembolso","Admin","Admin","Rejeitado","Rejeitado - não atende aos critérios estabelecidos","03/08/2025, 04:57:37","N/A"
"56e964cc-568...","Férias","Admin","Admin","Rejeitado","Rejeitado - não atende aos critérios estabelecidos","03/08/2025, 04:57:37","N/A"
"95a2999b-24b...","Férias","Manager","Manager","Rejeitado","Rejeitado - não atende aos critérios estabelecidos","03/08/2025, 04:57:37","N/A"
"e0d12f13-bb8...","Reembolso","Manager","Manager","Aprovado","Aprovado conforme política da empresa","03/08/2025, 04:57:37","N/A"
"7ccc0090-22b...","Compra","Admin","Admin","Aprovado","Aprovado conforme política da empresa","03/08/2025, 04:57:37","N/A"
"e7e78e0f-c92...","Reembolso","Admin","Admin","Rejeitado","Rejeitado - não atende aos critérios estabelecidos","03/08/2025, 04:57:37","N/A"
"e77af082-980...","Férias","Approver","Approver","Rejeitado","Rejeitado - não atende aos critérios estabelecidos","03/08/2025, 04:57:37","N/A"
"ae332e43-94a...","Férias","Manager","Manager","Aprovado","Aprovado conforme política da empresa","03/08/2025, 04:57:37","N/A"
"e7aad42b-ec5...","Reembolso","Manager","Manager","Rejeitado","Rejeitado - não atende aos critérios estabelecidos","03/08/2025, 04:57:37","N/A"
"d6a38b7e-54f...","Férias","Admin","Admin","Aprovado","Aprovado conforme política da empresa","03/08/2025, 04:57:37","N/A"
"c7dac470-c78...","Reembolso","Manager","Manager","Aprovado","Aprovado conforme política da empresa","03/08/2025, 04:57:37","N/A"
"b04370aa-335...","Reembolso","Manager","Manager","Rejeitado","Rejeitado - não atende aos critérios estabelecidos","03/08/2025, 04:57:37","N/A"
"f31dc07a-9c6...","Reembolso","Manager","Manager","Rejeitado","Rejeitado - não atende aos critérios estabelecidos","03/08/2025, 04:57:37","N/A"
"ea9c628d-f7b...","Compra","Admin","Admin","Rejeitado","Rejeitado - não atende aos critérios estabelecidos","03/08/2025, 04:57:37","N/A"
"7f4db775-c05...","Férias","Manager","Manager","Rejeitado","Rejeitado - não atende aos critérios estabelecidos","03/08/2025, 04:57:37","N/A"
"de762666-1a6...","Férias","Admin","Admin","Aprovado","Aprovado conforme política da empresa","03/08/2025, 04:57:37","N/A"
"5d224aa5-c24...","Compra","Approver","Approver","Aprovado","Aprovado conforme política da empresa","03/08/2025, 04:57:37","N/A"
"f8754602-dd6...","Férias","Admin","Admin","Rejeitado","Rejeitado - não atende aos critérios estabelecidos","03/08/2025, 04:57:37","N/A"
"644115e3-6d7...","Férias","Admin","Admin","Aprovado","Aprovado conforme política da empresa","03/08/2025, 04:57:37","N/A"
"fcc3b7cd-2ce...","Férias","Manager","Manager","Rejeitado","Rejeitado - não atende aos critérios estabelecidos","03/08/2025, 04:57:37","N/A"
"6b2468ca-c61...","Férias","Approver","Approver","Rejeitado","Rejeitado - não atende aos critérios estabelecidos","03/08/2025, 04:57:37","N/A"
"c00d37b2-7d9...","Compra","Approver","Approver","Aprovado","Aprovado conforme política da empresa","03/08/2025, 04:57:37","N/A"
"69c3bed9-aec...","Reembolso","Approver","Approver","Rejeitado","Rejeitado - não atende aos critérios estabelecidos","03/08/2025, 04:57:37","N/A"
"edb1691d-7ed...","Reembolso","Manager","Manager","Rejeitado","Rejeitado - não atende aos critérios estabelecidos","03/08/2025, 04:57:37","N/A"
"d70acc89-e65...","Férias","Admin","Admin","Aprovado","Aprovado conforme política da empresa","03/08/2025, 04:57:37","N/A"
"bb334425-0d5...","Compra","Manager","Manager","Aprovado","Aprovado conforme política da empresa","03/08/2025, 04:57:37","N/A"
"047f7c97-fbc...","Compra","Approver","Approver","Aprovado","Aprovado conforme política da empresa","03/08/2025, 04:57:37","N/A"
"0f4390b9-b66...","Férias","Manager","Manager","Aprovado","Aprovado conforme política da empresa","03/08/2025, 04:57:37","N/A"
"c7a86a57-b85...","Reembolso","Admin","Admin","Aprovado","Aprovado conforme política da empresa","03/08/2025, 04:57:37","N/A"
"409da4ee-d31...","Reembolso","Admin","Admin","Rejeitado","Rejeitado - não atende aos critérios estabelecidos","03/08/2025, 04:57:37","N/A"
"dbf7e8f5-6ce...","Reembolso","Manager","Manager","Aprovado","Aprovado conforme política da empresa","03/08/2025, 04:57:37","N/A"
"79a373cc-744...","Férias","Admin","Admin","Rejeitado","Rejeitado - não atende aos critérios estabelecidos","03/08/2025, 04:57:37","N/A"
"0f9b2417-870...","Férias","Approver","Approver","Rejeitado","Rejeitado - não atende aos critérios estabelecidos","03/08/2025, 04:57:37","N/A"
"dfdf2a27-64b...","Reembolso","Manager","Manager","Aprovado","Aprovado conforme política da empresa","03/08/2025, 04:57:37","N/A"
"12a90342-77c...","Reembolso","Admin","Admin","Aprovado","Aprovado conforme política da empresa","03/08/2025, 04:57:37","N/A"
"7f639141-0bd...","Reembolso","Approver","Approver","Aprovado","Aprovado conforme política da empresa","03/08/2025, 04:57:37","N/A"
"c57c436c-9f1...","Reembolso","Manager","Manager","Aprovado","Aprovado conforme política da empresa","03/08/2025, 04:57:37","N/A"
"ee1e4437-868...","Compra","Approver","Approver","Rejeitado","Rejeitado - não atende aos critérios estabelecidos","03/08/2025, 04:57:37","N/A"
"1c33aa9c-887...","Férias","Manager","Manager","Rejeitado","Rejeitado - não atende aos critérios estabelecidos","03/08/2025, 04:57:37","N/A"
"3f490706-3d8...","Compra","Approver","Approver","Rejeitado","Rejeitado - não atende aos critérios estabelecidos","03/08/2025, 04:57:37","N/A"
"8b5c599f-dbf...","Férias","Admin","Admin","Aprovado","Aprovado conforme política da empresa","03/08/2025, 04:57:37","N/A"
"533a5ee8-014...","Férias","Manager","Manager","Rejeitado","Rejeitado - não atende aos critérios estabelecidos","03/08/2025, 04:57:37","N/A"
"84715fb9-ce1...","Reembolso","Manager","Manager","Rejeitado","Rejeitado - não atende aos critérios estabelecidos","03/08/2025, 04:57:37","N/A"
"aaead390-898...","Compra","Manager","Manager","Aprovado","Aprovado conforme política da empresa","03/08/2025, 04:57:37","N/A"
"3f2f7ac3-f63...","Compra","Admin","Admin","Aprovado","Aprovado conforme política da empresa","03/08/2025, 04:57:37","N/A"
"acb99198-b8f...","Reembolso","Manager","Manager","Rejeitado","Rejeitado - não atende aos critérios estabelecidos","03/08/2025, 04:57:37","N/A"
"9e4ef852-094...","Férias","Admin","Admin","Rejeitado","Rejeitado - não atende aos critérios estabelecidos","03/08/2025, 04:57:37","N/A"
"05bf5734-5d8...","Férias","Approver","Approver","Aprovado","Aprovado conforme política da empresa","03/08/2025, 04:57:37","N/A"
"cfd52c3b-320...","Compra","Approver","Approver","Aprovado","Aprovado conforme política da empresa","03/08/2025, 04:57:37","N/A"
"d4aed98c-96a...","Compra","Approver","Approver","Rejeitado","Rejeitado - não atende aos critérios estabelecidos","03/08/2025, 04:57:37","N/A"
"c059f10d-ec2...","Reembolso","Admin","Admin","Rejeitado","Rejeitado - não atende aos critérios estabelecidos","03/08/2025, 04:57:37","N/A"
"97aab042-180...","Férias","Manager","Manager","Rejeitado","Rejeitado - não atende aos critérios estabelecidos","03/08/2025, 04:57:37","N/A"
"8205b0e2-920...","Reembolso","Approver","Approver","Aprovado","Aprovado conforme política da empresa","03/08/2025, 04:57:37","N/A"
"03c58973-ca5...","Compra","Approver","Approver","Aprovado","Aprovado conforme política da empresa","03/08/2025, 04:57:37","N/A"
"386b80f9-2ce...","Reembolso","Manager","Manager","Aprovado","Aprovado conforme política da empresa","03/08/2025, 04:57:37","N/A"
"894d96d0-f2b...","Reembolso","Approver","Approver","Rejeitado","Rejeitado - não atende aos critérios estabelecidos","03/08/2025, 04:57:37","N/A"
"0ebc325f-a7a...","Férias","Approver","Approver","Rejeitado","Rejeitado - não atende aos critérios estabelecidos","03/08/2025, 04:57:37","N/A"
"a9c6be4e-d1c...","Compra","Admin","Admin","Aprovado","Aprovado conforme política da empresa","03/08/2025, 04:57:37","N/A"
"ec856137-c6b...","Compra","Admin","Admin","Aprovado","Aprovado conforme política da empresa","03/08/2025, 04:57:37","N/A"
"25cbf2e3-259...","Férias","Manager","Manager","Rejeitado","Rejeitado - não atende aos critérios estabelecidos","03/08/2025, 04:57:37","N/A"
"238dda51-72b...","Compra","Manager","Manager","Aprovado","Aprovado conforme política da empresa","03/08/2025, 04:57:37","N/A"
"28aa7a6c-a5f...","Compra","Manager","Manager","Rejeitado","Rejeitado - não atende aos critérios estabelecidos","03/08/2025, 04:57:37","N/A"
"4b1e126e-b6b...","Compra","Approver","Approver","Rejeitado","Rejeitado - não atende aos critérios estabelecidos","03/08/2025, 04:57:37","N/A"
"cfeb3b11-dd8...","Reembolso","Approver","Approver","Rejeitado","Rejeitado - não atende aos critérios estabelecidos","03/08/2025, 04:57:37","N/A"
"83743069-752...","Compra","Approver","Approver","Rejeitado","Rejeitado - não atende aos critérios estabelecidos","03/08/2025, 04:57:37","N/A"
"fb494bb1-07f...","Compra","Manager","Manager","Aprovado","Aprovado conforme política da empresa","03/08/2025, 04:57:37","N/A"
"7bf6f2b3-f4a...","Reembolso","Manager","Manager","Aprovado","Aprovado conforme política da empresa","03/08/2025, 04:57:37","N/A"
"d6e04300-182...","Férias","Admin","Admin","Aprovado","Aprovado conforme política da empresa","03/08/2025, 04:57:37","N/A"
"f38d1eb4-860...","Reembolso","Manager","Manager","Aprovado","Aprovado conforme política da empresa","03/08/2025, 04:57:37","N/A"
"4695a5a9-882...","Compra","Admin","Admin","Rejeitado","Rejeitado - não atende aos critérios estabelecidos","03/08/2025, 04:57:37","N/A"
"0dd4e0a9-b51...","Reembolso","Manager","Manager","Rejeitado","Rejeitado - não atende aos critérios estabelecidos","03/08/2025, 04:57:37","N/A"
"21f08b56-643...","Férias","Manager","Manager","Rejeitado","Rejeitado - não atende aos critérios estabelecidos","03/08/2025, 04:57:37","N/A"
"a3ce6110-2ec...","Férias","Approver","Approver","Rejeitado","Rejeitado - não atende aos critérios estabelecidos","03/08/2025, 04:57:37","N/A"
"c90d55d4-5e5...","Compra","Admin","Admin","Rejeitado","Rejeitado - não atende aos critérios estabelecidos","03/08/2025, 04:57:37","N/A"
"043e76b8-d4a...","Compra","Manager","Manager","Rejeitado","Rejeitado - não atende aos critérios estabelecidos","03/08/2025, 04:57:37","N/A"
"096e0a10-9f4...","Reembolso","Approver","Approver","Aprovado","Aprovado conforme política da empresa","03/08/2025, 04:57:37","N/A"
"cc5c88b6-f4b...","Reembolso","Approver","Approver","Rejeitado","Rejeitado - não atende aos critérios estabelecidos","03/08/2025, 04:57:37","N/A"
"d193d4dc-886...","Compra","Approver","Approver","Rejeitado","Rejeitado - não atende aos critérios estabelecidos","03/08/2025, 04:57:37","N/A"
"39580b00-6a3...","Férias","Manager","Manager","Aprovado","Aprovado conforme política da empresa","03/08/2025, 04:57:37","N/A"
"1682fffd-c27...","Férias","Manager","Manager","Aprovado","Aprovado conforme política da empresa","03/08/2025, 04:57:37","N/A"
"d8003e15-9b3...","Férias","Manager","Manager","Aprovado","Aprovado conforme política da empresa","03/08/2025, 04:57:37","N/A"
"e600ac68-4c0...","Compra","Approver","Approver","Rejeitado","Rejeitado - não atende aos critérios estabelecidos","03/08/2025, 04:57:37","N/A"
"af0b5503-a5f...","Reembolso","Manager","Manager","Rejeitado","Rejeitado - não atende aos critérios estabelecidos","03/08/2025, 04:57:37","N/A"
"40e57a73-952...","Compra","Approver","Approver","Rejeitado","Rejeitado - não atende aos critérios estabelecidos","03/08/2025, 04:57:37","N/A"
"93d4581b-b47...","Compra","Approver","Approver","Aprovado","Aprovado conforme política da empresa","03/08/2025, 04:57:37","N/A"
"5a4fa1ff-8ec...","Férias","Admin","Admin","Aprovado","Aprovado conforme política da empresa","03/08/2025, 04:57:37","N/A"
"e536f4f6-ca3...","Férias","Approver","Approver","Rejeitado","Rejeitado - não atende aos critérios estabelecidos","03/08/2025, 04:57:37","N/A"
"f8fef1fc-7bd...","Compra","Admin","Admin","Rejeitado","Rejeitado - não atende aos critérios estabelecidos","03/08/2025, 04:57:37","N/A"
"83cad36f-7e3...","Férias","Approver","Approver","Rejeitado","Rejeitado - não atende aos critérios estabelecidos","03/08/2025, 04:57:37","N/A"
"5f3f4fa0-593...","Férias","Manager","Manager","Rejeitado","Rejeitado - não atende aos critérios estabelecidos","03/08/2025, 04:57:37","N/A"
"dbc5df95-665...","Férias","Admin","Admin","Aprovado","Aprovado conforme política da empresa","03/08/2025, 04:57:37","N/A"
"5d2afbbf-f0d...","Compra","Admin","Admin","Rejeitado","Rejeitado - não atende aos critérios estabelecidos","03/08/2025, 04:57:37","N/A"
"b4852f9f-a3d...","Compra","Admin","Admin","Rejeitado","Rejeitado - não atende aos critérios estabelecidos","03/08/2025, 04:57:37","N/A"
"d3835d81-105...","Reembolso","Manager","Manager","Aprovado","Aprovado conforme política da empresa","03/08/2025, 04:57:37","N/A"
"fac6f90d-7bd...","Férias","Admin","Admin","Rejeitado","Rejeitado - não atende aos critérios estabelecidos","03/08/2025, 04:57:37","N/A"
"a8313c82-577...","Compra","Admin","Admin","Aprovado","Aprovado conforme política da empresa","03/08/2025, 04:57:37","N/A"
"9b97e09f-199...","Reembolso","Manager","Manager","Aprovado","Aprovado conforme política da empresa","03/08/2025, 04:57:37","N/A"
"1086b301-d38...","Compra","Admin","Admin","Aprovado","Aprovado conforme política da empresa","03/08/2025, 04:57:37","N/A"
"335798bd-fb8...","Reembolso","Approver","Approver","Rejeitado","Rejeitado - não atende aos critérios estabelecidos","03/08/2025, 04:57:37","N/A"
"2cae7a1a-8ee...","Férias","Approver","Approver","Aprovado","Aprovado conforme política da empresa","03/08/2025, 04:57:37","N/A"
"8cadbd4a-573...","Compra","Approver","Approver","Aprovado","Aprovado conforme política da empresa","03/08/2025, 04:57:37","N/A"
"59210305-537...","Férias","Admin","Admin","Aprovado","Aprovado conforme política da empresa","03/08/2025, 04:57:37","N/A"
"1475950b-7d1...","Reembolso","Manager","Manager","Rejeitado","Rejeitado - não atende aos critérios estabelecidos","03/08/2025, 04:57:37","N/A"
"91b446ee-29d...","Férias","Approver","Approver","Aprovado","Aprovado conforme política da empresa","03/08/2025, 04:57:37","N/A"
"c486e013-f40...","Férias","Approver","Approver","Aprovado","Aprovado conforme política da empresa","03/08/2025, 04:57:37","N/A"
"a130c00e-d72...","Reembolso","Approver","Approver","Aprovado","Aprovado conforme política da empresa","03/08/2025, 04:57:37","N/A"
"0df25496-967...","Compra","Admin","Admin","Aprovado","Aprovado conforme política da empresa","03/08/2025, 04:57:37","N/A"
"0a8a7f4c-2cf...","Compra","Admin","Admin","Aprovado","Aprovado conforme política da empresa","03/08/2025, 04:57:37","N/A"
"f40ff13f-486...","Férias","Manager","Manager","Aprovado","Aprovado conforme política da empresa","03/08/2025, 04:57:37","N/A"
"85bc276a-399...","Compra","Approver","Approver","Aprovado","Aprovado conforme política da empresa","03/08/2025, 04:57:37","N/A"
"5b86c476-d5f...","Férias","Admin","Admin","Rejeitado","gsdfgsdfgsdfg","03/08/2025, 04:55:42","N/A"
"15d8eea4-d6e...","Reembolso","Admin","Admin","Rejeitado","Rejeitado via botão rápido","03/08/2025, 04:55:38","N/A"
"e4ebffa9-9ac...","Férias","Admin","Admin","Aprovado","Aprovado via botão rápido","03/08/2025, 04:55:37","N/A"
"e56de7a1-434...","Reembolso","Admin","Admin","Rejeitado","asdfgasdfasdf","03/08/2025, 04:55:24","N/A"
"e56de7a1-434...","Reembolso","Admin","Admin","Aprovado","sdfgsdfgsdfg","03/08/2025, 04:24:43","N/A"
"a887cdc8-dc1...","Compra","Admin","Admin","Rejeitado","Rejeitado via botão rápido","03/08/2025, 04:24:33","N/A"
"14315819-218...","Reembolso","Admin","Admin","Aprovado","Aprovado via botão rápido","03/08/2025, 04:24:30","N/A"
"27f54c7e-89d...","Compra","Admin","Admin","Aprovado","Aprovado via botão rápido","03/08/2025, 03:43:33","N/A"
"9ecd0928-e3c...","Reembolso","Admin","Admin","Rejeitado","Aprovado via botão rápido","03/08/2025, 03:38:45","N/A"
"9ecd0928-e3c...","Reembolso","Admin","Admin","Aprovado","Aprovado via botão rápido","03/08/2025, 03:38:08","N/A"
"5c061125-d67...","Compra","Admin","Admin","Rejeitado","Rejeitado via botão rápido","03/08/2025, 03:38:03","N/A"
"8ac090f9-50f...","Férias","Admin","Admin","Rejeitado","Rejeitado via botão rápido","03/08/2025, 02:55:06","N/A"
"e97cfb4b-54b...","Férias","Admin","Admin","Aprovado","Aprovado via botão rápido","03/08/2025, 02:55:05","N/A"
"bb0ec036-7b2...","Férias","Admin","Admin","Aprovado","Aprovado via botão rápido","03/08/2025, 02:54:09","N/A"
"bb0ec036-7b2...","Férias","Admin","Admin","Rejeitado","Aprovado via botão rápido","03/08/2025, 02:54:05","N/A"
"bb0ec036-7b2...","Férias","Admin","Admin","Aprovado","Aprovado via botão rápido","03/08/2025, 02:51:16","N/A"
"bb0ec036-7b2...","Férias","Admin","Admin","Rejeitado","Aprovado via botão rápido","03/08/2025, 02:48:58","N/A"
"bb0ec036-7b2...","Férias","Admin","Admin","Aprovado","Aprovado via botão rápido","03/08/2025, 02:48:01","N/A"
"bb0ec036-7b2...","Férias","Admin","Admin","Rejeitado","Aprovado via botão rápido","03/08/2025, 02:46:39","N/A"
"bb0ec036-7b2...","Férias","Admin","Admin","Aprovado","Aprovado via botão rápido","03/08/2025, 02:44:24","N/A"
"bb0ec036-7b2...","Férias","Admin","Admin","Aprovado","Aprovado via botão rápido","03/08/2025, 02:43:15","N/A"
"bb0ec036-7b2...","Férias","Admin","Admin","Rejeitado","Aprovado via botão rápido","03/08/2025, 02:39:10","N/A"
"bb0ec036-7b2...","Férias","Admin","Admin","Aprovado","Aprovado via botão rápido","03/08/2025, 02:38:56","N/A"
"bb0ec036-7b2...","Férias","Admin","Admin","Rejeitado","Aprovado via botão rápido","03/08/2025, 02:37:41","N/A"
"bb0ec036-7b2...","Férias","Admin","Admin","Aprovado","Aprovado via botão rápido","03/08/2025, 02:34:20","N/A"
"bb0ec036-7b2...","Férias","Admin","Admin","Rejeitado","Aprovado via botão rápido","03/08/2025, 02:34:14","N/A"
"bb0ec036-7b2...","Férias","Admin","Admin","Aprovado","Aprovado via botão rápido","03/08/2025, 02:34:02","N/A"
"bb0ec036-7b2...","Férias","Admin","Admin","Rejeitado","Aprovado via botão rápido","03/08/2025, 02:33:59","N/A"
"bb0ec036-7b2...","Férias","Admin","Admin","Aprovado","Aprovado via botão rápido","03/08/2025, 02:32:15","N/A"
"bb0ec036-7b2...","Férias","Admin","Admin","Rejeitado","Aprovado via botão rápido","03/08/2025, 02:19:10","N/A"
"27f54c7e-89d...","Compra","Admin","Admin","Restaurado","Aprovação restaurada por admin@empresa.com - Status original: pending","03/08/2025, 02:19:04","N/A"
"27f54c7e-89d...","Compra","Admin","Admin","Deletado","Aprovacao deletada - Tipo: purchase, Solicitante: admin@empresa.com","03/08/2025, 02:13:36","N/A"
"bb0ec036-7b2...","Férias","Admin","Admin","Aprovado","Aprovado via botão rápido","03/08/2025, 02:13:34","N/A"
"391ee748-706...","Reembolso","Admin","Admin","Rejeitado","Rejeitado via botão rápido","03/08/2025, 02:13:33","N/A"
"f6fdee78-04d...","Reembolso","Admin","Admin","Rejeitado","Aprovado via botão rápido","03/08/2025, 02:13:15","N/A"
"5a6fdf3f-009...","Reembolso","Admin","Admin","Rejeitado","Aprovado via botão rápido","03/08/2025, 02:13:07","N/A"
"5a6fdf3f-009...","Reembolso","Admin","Admin","Aprovado","Aprovado via botão rápido","03/08/2025, 02:11:18","N/A"
"f6fdee78-04d...","Reembolso","Admin","Admin","Aprovado","Aprovado via botão rápido","03/08/2025, 02:10:50","N/A"
"f6fdee78-04d...","Reembolso","Admin","Admin","Rejeitado","Aprovado via botão rápido","03/08/2025, 02:10:44","N/A"
"f6fdee78-04d...","Reembolso","Admin","Admin","Aprovado","Aprovado via botão rápido","03/08/2025, 02:08:31","N/A"
"0df05302-6a9...","Compra","Admin","Admin","Aprovado","Aprovado via botão rápido","03/08/2025, 02:07:50","N/A"
"f6fdee78-04d...","Reembolso","Admin","Admin","Rejeitado","Aprovado via botão rápido","03/08/2025, 02:06:17","N/A"
"5a6fdf3f-009...","Reembolso","Admin","Admin","Rejeitado","Aprovado via botão rápido","03/08/2025, 02:05:55","N/A"
"e56de7a1-434...","Reembolso","Admin","Admin","Restaurado","Aprovação restaurada por admin@empresa.com - Status original: pending","03/08/2025, 02:05:48","N/A"
"5a6fdf3f-009...","Reembolso","Admin","Admin","Aprovado","Aprovado via botão rápido","03/08/2025, 02:04:30","N/A"
"46239fee-b28...","Reembolso","Admin","Admin","Rejeitado","Rejeitado via botão rápido","03/08/2025, 02:04:29","N/A"
"e56de7a1-434...","Reembolso","Ana.costa","Admin","Deletado","Aprovacao deletada - Tipo: reimbursement, Solicitante: ana.costa@empresa.com","03/08/2025, 02:02:33","N/A"
"f6fdee78-04d...","Reembolso","Admin","Admin","Aprovado","Aprovado via botão rápido","03/08/2025, 02:02:31","N/A"
"96ad21be-30a...","Compra","Admin","Admin","Rejeitado","Rejeitado via botão rápido","03/08/2025, 02:02:30","N/A"
"f6fdee78-04d...","Reembolso","Admin","Admin","Restaurado","Aprovação restaurada por admin@empresa.com - Status original: pending","03/08/2025, 01:27:23","N/A"
"74a54236-ffb...","Férias","Admin","Admin","Rejeitado","teste","03/08/2025, 01:27:11","N/A"
"e6a7ca02-4be...","Reembolso","Admin","Admin","Rejeitado","Rejeitado via botão rápido","03/08/2025, 01:27:07","N/A"
"c8331889-0dd...","Compra","Admin","Admin","Aprovado","teste","03/08/2025, 01:27:05","N/A"
"20acc8f6-62b...","Compra","Admin","Admin","Aprovado","Rejeitado via botão rápido","03/08/2025, 01:26:33","N/A"
"20acc8f6-62b...","Compra","Admin","Admin","Rejeitado","Rejeitado via botão rápido","03/08/2025, 01:26:22","N/A"
"20acc8f6-62b...","Compra","Admin","Admin","Restaurado","Aprovação restaurada por admin@empresa.com - Status original: pending","03/08/2025, 01:25:11","N/A"
"20acc8f6-62b...","Compra","Joao.silva","Admin","Deletado","Aprovacao deletada - Tipo: purchase, Solicitante: joao.silva@empresa.com","03/08/2025, 01:22:15","N/A"
"891b8e54-0cd...","Reembolso","Admin","Admin","Aprovado","teste","03/08/2025, 01:11:22","N/A"
"891b8e54-0cd...","Reembolso","Admin","Admin","Rejeitado","teste","03/08/2025, 01:11:13","N/A"
"891b8e54-0cd...","Reembolso","Admin","Admin","Aprovado","Aprovado via botão rápido","03/08/2025, 01:07:17","N/A"
"c1e369cc-9c3...","Reembolso","Admin","Admin","Rejeitado","Rejeitado via botão rápido","03/08/2025, 01:07:16","N/A"
"b321466e-08c...","Reembolso","Admin","Admin","Rejeitado","Rejeitado via botão rápido","03/08/2025, 01:06:59","N/A"
"17b787e1-88d...","Férias","Maria.santos","Admin","Deletado","Aprovacao deletada - Tipo: vacation, Solicitante: maria.santos@empresa.com","03/08/2025, 01:06:58","N/A"
"1bdf8146-8ce...","Férias","Admin","Admin","Aprovado","Aprovado via botão rápido","03/08/2025, 01:06:55","N/A"
"c6356657-866...","Compra","Admin","Admin","Rejeitado","Rejeitado via botão rápido","03/08/2025, 01:06:54","N/A"
"7f3f0aac-8be...","Férias","Admin","Admin","Rejeitado","Rejeitado via botão rápido","03/08/2025, 01:06:52","N/A"
"4a0f3c24-09d...","Reembolso","Admin","Admin","Aprovado","Aprovado via botão rápido","03/08/2025, 01:06:49","N/A"
"157f2e01-721...","Compra","Admin","Admin","Aprovado","Aprovado via botão rápido","03/08/2025, 01:04:34","N/A"
"b63e5e94-bf3...","Reembolso","Admin","Admin","Rejeitado","Rejeitado via botão rápido","03/08/2025, 01:04:33","N/A"
"b90782e9-2dd...","Compra","Admin","Admin","Rejeitado","Rejeitado via botão rápido","03/08/2025, 01:04:32","N/A"
"156a31a4-f62...","Férias","Admin","Admin","Aprovado","Aprovado via botão rápido","03/08/2025, 01:04:31","N/A"
"489f4101-360...","Compra","Admin","Admin","Rejeitado","Rejeitado via botão rápido","03/08/2025, 01:00:31","N/A"
"b687763c-a48...","Reembolso","Admin","Admin","Aprovado","Aprovado via botão rápido","03/08/2025, 01:00:30","N/A"
"f6fdee78-04d...","Reembolso","Gabriel.lima","Admin","Deletado","Aprovacao deletada - Tipo: reimbursement, Solicitante: gabriel.lima@empresa.com","03/08/2025, 01:00:21","N/A"
"99e9a1d0-217...","Férias","Pedro.oliveira","Admin","Deletado","Aprovacao deletada - Tipo: vacation, Solicitante: pedro.oliveira@empresa.com","03/08/2025, 01:00:19","N/A"
"f2a64036-dde...","Férias","Julia.ferreira","Admin","Deletado","Aprovacao deletada - Tipo: vacation, Solicitante: julia.ferreira@empresa.com","03/08/2025, 01:00:06","N/A"
"077389dd-27a...","Reembolso","Admin","Admin","Aprovado","Aprovado via botão rápido","03/08/2025, 01:00:01","N/A"
"85caa670-093...","Reembolso","Admin","Admin","Rejeitado","Rejeitado via botão rápido","03/08/2025, 00:59:59","N/A"
"f60cc776-df9...","Reembolso","Admin","Admin","Rejeitado","Rejeitado via botão rápido","03/08/2025, 00:59:56","N/A"
"68b051c7-d36...","Férias","Admin","Admin","Aprovado","Aprovado via botão rápido","03/08/2025, 00:59:54","N/A"
"19946d26-2be...","Compra","Admin","Admin","Aprovado","Aprovado via botão rápido","03/08/2025, 00:59:54","N/A"
"fa49af10-9a8...","Compra","Admin","Admin","Rejeitado","Rejeitado via botão rápido","03/08/2025, 00:59:34","N/A"
"04ae0af9-9b9...","Compra","Manager","Manager","Rejeitado","Rejeitado - não atende aos critérios estabelecidos","03/08/2025, 00:54:55","N/A"
"3a5d1c89-c68...","Reembolso","Admin","Admin","Aprovado","Aprovado conforme política da empresa","03/08/2025, 00:54:55","N/A"
"0c592486-1b7...","Compra","Manager","Manager","Aprovado","Aprovado conforme política da empresa","03/08/2025, 00:54:55","N/A"
"0ce26b62-e3b...","Férias","Admin","Admin","Rejeitado","Rejeitado - não atende aos critérios estabelecidos","03/08/2025, 00:54:55","N/A"
"98883a38-50f...","Reembolso","Admin","Admin","Aprovado","Aprovado conforme política da empresa","03/08/2025, 00:54:55","N/A"
"fd5769df-ed8...","Compra","Admin","Admin","Aprovado","Aprovado conforme política da empresa","03/08/2025, 00:54:55","N/A"
"2e0433a3-f41...","Férias","Approver","Approver","Rejeitado","Rejeitado - não atende aos critérios estabelecidos","03/08/2025, 00:54:55","N/A"
"63a89748-035...","Reembolso","Manager","Manager","Rejeitado","Rejeitado - não atende aos critérios estabelecidos","03/08/2025, 00:54:55","N/A"
"9596ce5a-611...","Reembolso","Admin","Admin","Aprovado","Aprovado conforme política da empresa","03/08/2025, 00:54:55","N/A"
"043a7cb4-1f1...","Compra","Admin","Admin","Rejeitado","Rejeitado - não atende aos critérios estabelecidos","03/08/2025, 00:54:55","N/A"
"60f13cbc-eed...","Férias","Manager","Manager","Rejeitado","Rejeitado - não atende aos critérios estabelecidos","03/08/2025, 00:54:55","N/A"
"8bd2e9f5-017...","Férias","Approver","Approver","Aprovado","Aprovado conforme política da empresa","03/08/2025, 00:54:55","N/A"
"6c145541-179...","Férias","Admin","Admin","Aprovado","Aprovado conforme política da empresa","03/08/2025, 00:54:55","N/A"
"2b99bd4b-e4b...","Compra","Admin","Admin","Aprovado","Aprovado conforme política da empresa","03/08/2025, 00:54:55","N/A"
"885840b3-06e...","Reembolso","Admin","Admin","Rejeitado","Rejeitado - não atende aos critérios estabelecidos","03/08/2025, 00:54:55","N/A"
"64ed5bc5-04c...","Compra","Admin","Admin","Aprovado","Aprovado conforme política da empresa","03/08/2025, 00:54:55","N/A"
"817e0a7c-ee8...","Reembolso","Admin","Admin","Rejeitado","Rejeitado - não atende aos critérios estabelecidos","03/08/2025, 00:54:55","N/A"
"0505cfdc-f11...","Reembolso","Admin","Admin","Rejeitado","Rejeitado - não atende aos critérios estabelecidos","03/08/2025, 00:54:55","N/A"
"7717944c-6dd...","Férias","Manager","Manager","Aprovado","Aprovado conforme política da empresa","03/08/2025, 00:54:55","N/A"
"d59680a8-8d9...","Reembolso","Approver","Approver","Rejeitado","Rejeitado - não atende aos critérios estabelecidos","03/08/2025, 00:54:55","N/A"
"d153e41f-5fa...","Compra","Approver","Approver","Aprovado","Aprovado conforme política da empresa","03/08/2025, 00:54:55","N/A"
"c10173ee-707...","Férias","Approver","Approver","Rejeitado","Rejeitado - não atende aos critérios estabelecidos","03/08/2025, 00:54:55","N/A"
"0f363607-5cb...","Férias","Approver","Approver","Aprovado","Aprovado conforme política da empresa","03/08/2025, 00:54:55","N/A"
"b53c183a-13d...","Férias","Manager","Manager","Rejeitado","Rejeitado - não atende aos critérios estabelecidos","03/08/2025, 00:54:55","N/A"
"2cc112aa-9e9...","Reembolso","Approver","Approver","Aprovado","Aprovado conforme política da empresa","03/08/2025, 00:54:55","N/A"
"0ad0f85f-509...","Férias","Admin","Admin","Rejeitado","Rejeitado - não atende aos critérios estabelecidos","03/08/2025, 00:54:55","N/A"
"6a5f7456-113...","Férias","Admin","Admin","Aprovado","Aprovado conforme política da empresa","03/08/2025, 00:54:55","N/A"
"e55ca3cb-45e...","Compra","Admin","Admin","Rejeitado","Rejeitado - não atende aos critérios estabelecidos","03/08/2025, 00:54:55","N/A"
"3c593498-5ad...","Férias","Admin","Admin","Rejeitado","Rejeitado - não atende aos critérios estabelecidos","03/08/2025, 00:54:55","N/A"
"83fb4b80-fd0...","Compra","Admin","Admin","Aprovado","Aprovado conforme política da empresa","03/08/2025, 00:54:55","N/A"
"fed2ec52-2c9...","Férias","Approver","Approver","Rejeitado","Rejeitado - não atende aos critérios estabelecidos","03/08/2025, 00:54:55","N/A"
"6628d326-950...","Reembolso","Admin","Admin","Rejeitado","Rejeitado - não atende aos critérios estabelecidos","03/08/2025, 00:54:55","N/A"
"e41e5991-4eb...","Férias","Manager","Manager","Rejeitado","Rejeitado - não atende aos critérios estabelecidos","03/08/2025, 00:54:55","N/A"
"a49ed953-089...","Férias","Manager","Manager","Aprovado","Aprovado conforme política da empresa","03/08/2025, 00:54:55","N/A"
"63d5faf7-dcd...","Compra","Approver","Approver","Aprovado","Aprovado conforme política da empresa","03/08/2025, 00:54:55","N/A"
"9f63c710-e83...","Reembolso","Admin","Admin","Rejeitado","Rejeitado - não atende aos critérios estabelecidos","03/08/2025, 00:54:55","N/A"
"e4032b86-517...","Compra","Approver","Approver","Aprovado","Aprovado conforme política da empresa","03/08/2025, 00:54:55","N/A"
"447e7d64-7a6...","Férias","Approver","Approver","Rejeitado","Rejeitado - não atende aos critérios estabelecidos","03/08/2025, 00:54:55","N/A"
"997ef4ba-a6e...","Férias","Manager","Manager","Rejeitado","Rejeitado - não atende aos critérios estabelecidos","03/08/2025, 00:54:55","N/A"
"1c4739c8-fac...","Reembolso","Manager","Manager","Aprovado","Aprovado conforme política da empresa","03/08/2025, 00:54:55","N/A"
"bf8336a1-140...","Férias","Manager","Manager","Aprovado","Aprovado conforme política da empresa","03/08/2025, 00:54:55","N/A"
"d97c1e5d-996...","Compra","Approver","Approver","Rejeitado","Rejeitado - não atende aos critérios estabelecidos","03/08/2025, 00:54:55","N/A"
"5d02992f-580...","Reembolso","Approver","Approver","Rejeitado","Rejeitado - não atende aos critérios estabelecidos","03/08/2025, 00:54:55","N/A"
"4f513eca-2f8...","Reembolso","Admin","Admin","Rejeitado","Rejeitado - não atende aos critérios estabelecidos","03/08/2025, 00:54:55","N/A"
"bf7db40b-6c4...","Férias","Admin","Admin","Aprovado","Aprovado conforme política da empresa","03/08/2025, 00:54:55","N/A"
"d44f4fae-069...","Reembolso","Admin","Admin","Aprovado","Aprovado conforme política da empresa","03/08/2025, 00:54:55","N/A"
"434794a1-281...","Reembolso","Manager","Manager","Aprovado","Aprovado conforme política da empresa","03/08/2025, 00:54:55","N/A"
"2209a0b1-d43...","Compra","Admin","Admin","Rejeitado","Rejeitado - não atende aos critérios estabelecidos","03/08/2025, 00:54:55","N/A"
"205dfae4-0b5...","Reembolso","Manager","Manager","Aprovado","Aprovado conforme política da empresa","03/08/2025, 00:54:55","N/A"
"a115fcb3-786...","Férias","Admin","Admin","Aprovado","Aprovado conforme política da empresa","03/08/2025, 00:54:55","N/A"
"b19d50c4-0df...","Férias","Approver","Approver","Rejeitado","Rejeitado - não atende aos critérios estabelecidos","03/08/2025, 00:54:55","N/A"
"3c7ec1fd-58f...","Férias","Manager","Manager","Rejeitado","Rejeitado - não atende aos critérios estabelecidos","03/08/2025, 00:54:55","N/A"
"87e25e61-796...","Reembolso","Manager","Manager","Aprovado","Aprovado conforme política da empresa","03/08/2025, 00:54:55","N/A"
"27453c67-eef...","Reembolso","Manager","Manager","Rejeitado","Rejeitado - não atende aos critérios estabelecidos","03/08/2025, 00:54:55","N/A"
"fecdf1ee-b90...","Férias","Approver","Approver","Rejeitado","Rejeitado - não atende aos critérios estabelecidos","03/08/2025, 00:54:55","N/A"
"f6cd8f27-fb1...","Reembolso","Admin","Admin","Rejeitado","Rejeitado - não atende aos critérios estabelecidos","03/08/2025, 00:54:55","N/A"
"38cedd63-230...","Reembolso","Manager","Manager","Rejeitado","Rejeitado - não atende aos critérios estabelecidos","03/08/2025, 00:54:55","N/A"
"3fdebdc7-200...","Compra","Manager","Manager","Aprovado","Aprovado conforme política da empresa","03/08/2025, 00:54:55","N/A"
"faaf705d-31f...","Reembolso","Manager","Manager","Rejeitado","Rejeitado - não atende aos critérios estabelecidos","03/08/2025, 00:54:55","N/A"
"07525072-721...","Férias","Approver","Approver","Aprovado","Aprovado conforme política da empresa","03/08/2025, 00:54:55","N/A"
"2a66be0e-726...","Reembolso","Manager","Manager","Rejeitado","Rejeitado - não atende aos critérios estabelecidos","03/08/2025, 00:54:55","N/A"
"d2333096-0c5...","Férias","Approver","Approver","Rejeitado","Rejeitado - não atende aos critérios estabelecidos","03/08/2025, 00:54:55","N/A"
"d609e919-b37...","Férias","Approver","Approver","Rejeitado","Rejeitado - não atende aos critérios estabelecidos","03/08/2025, 00:54:55","N/A"
"507bf3c6-7c0...","Reembolso","Approver","Approver","Aprovado","Aprovado conforme política da empresa","03/08/2025, 00:54:55","N/A"
"e69aa5a0-e8e...","Reembolso","Admin","Admin","Rejeitado","Rejeitado - não atende aos critérios estabelecidos","03/08/2025, 00:54:55","N/A"
"e4cd6906-a42...","Compra","Admin","Admin","Rejeitado","Rejeitado - não atende aos critérios estabelecidos","03/08/2025, 00:54:55","N/A"
"a668669e-4b1...","Férias","Admin","Admin","Rejeitado","Rejeitado - não atende aos critérios estabelecidos","03/08/2025, 00:54:55","N/A"