ID da Aprovacao,Tipo de Solicitacao,Solicitante,Aprovador,Acao Realizada,Justificativa,Data/Hora,Status
"b79cd154...","rejected","admin@empresa.com","admin@empresa.com","rejected","sdfgsdfgsdfg","03/08/2025, 17:30:14","rejected"
"b79cd154...","approved","admin@empresa.com","admin@empresa.com","approved","sdfgsdfgdsfg","03/08/2025, 17:30:07","approved"
"b79cd154...","approved","admin@empresa.com","admin@empresa.com","approved","sdfgsdfgsdfg","03/08/2025, 17:30:01","approved"
"b79cd154...","approved","admin@empresa.com","admin@empresa.com","approved","sdfgsdfgsdfg","03/08/2025, 17:29:57","approved"
"b79cd154...","rejected","admin@empresa.com","admin@empresa.com","rejected","dfgsdfgsdfg","03/08/2025, 17:29:51","rejected"
"a683032c...","approved","admin@empresa.com","admin@empresa.com","approved","dfgsdfgsdfg","03/08/2025, 17:29:47","approved"
"0e05bf45...","approved","admin@empresa.com","admin@empresa.com","approved","Aprovado via botão rápido","03/08/2025, 17:29:44","approved"
"5c81cb48...","rejected","admin@empresa.com","admin@empresa.com","rejected","Rejeitado via botão rápido","03/08/2025, 17:29:43","rejected"
"206433a5...","approved","admin@empresa.com","admin@empresa.com","approved","asfdafasd","03/08/2025, 17:29:40","approved"
"3cfacd19...","approved","admin@empresa.com","admin@empresa.com","approved","Aprovado via botão rápido","03/08/2025, 17:04:08","approved"
"8734be06...","rejected","admin@empresa.com","admin@empresa.com","rejected","Rejeitado via botão rápido","03/08/2025, 17:04:07","rejected"
"0015df76...","reimbursement","maria.santos@empresa.com","admin@empresa.com","deleted","Aprovação deletada por admin@empresa.com","03/08/2025, 16:55:59","deleted"
"1cedb443...","rejected","admin@empresa.com","admin@empresa.com","rejected","Rejeitado via botão rápido","03/08/2025, 16:55:56","rejected"
"7f1e0fba...","approved","admin@empresa.com","admin@empresa.com","approved","Aprovado via botão rápido","03/08/2025, 16:55:55","approved"
"671a266c...","vacation","carlos.rodrigues@empresa.com","admin@empresa.com","deleted","Aprovação deletada por admin@empresa.com","03/08/2025, 07:05:28","deleted"
"a120739e...","approved","admin@empresa.com","admin@empresa.com","approved","Aprovado via botão rápido","03/08/2025, 07:05:21","approved"
"ebb64e2a...","rejected","admin@empresa.com","admin@empresa.com","rejected","Rejeitado via botão rápido","03/08/2025, 07:05:20","rejected"
"ef1a9b26...","vacation","joao.silva@empresa.com","admin@empresa.com","deleted","Aprovação deletada por admin@empresa.com","03/08/2025, 07:00:09","deleted"
"aba15ef2...","approved","admin@empresa.com","admin@empresa.com","approved","Aprovado via botão rápido","03/08/2025, 07:00:06","approved"
"7dbd6344...","rejected","admin@empresa.com","admin@empresa.com","rejected","Rejeitado via botão rápido","03/08/2025, 07:00:05","rejected"
"fa2ee91f...","reimbursement","carlos.rodrigues@empresa.com","admin@empresa.com","deleted","Aprovação deletada por admin@empresa.com","03/08/2025, 06:53:45","deleted"
"27651ead...","rejected","admin@empresa.com","admin@empresa.com","rejected","Rejeitado via botão rápido","03/08/2025, 06:53:38","rejected"
"9a2d90d1...","approved","admin@empresa.com","admin@empresa.com","approved","Aprovado via botão rápido","03/08/2025, 06:53:37","approved"
"103fba79...","reimbursement","gabriel.lima@empresa.com","admin@empresa.com","deleted","Aprovação deletada por admin@empresa.com","03/08/2025, 06:43:57","deleted"
"380f6da6...","approved","admin@empresa.com","admin@empresa.com","approved","Aprovado via botão rápido","03/08/2025, 06:43:53","approved"
"0f3acd76...","rejected","admin@empresa.com","admin@empresa.com","rejected","Rejeitado via botão rápido","03/08/2025, 06:43:52","rejected"
"958ac9d0...","vacation","carlos.rodrigues@empresa.com","admin@empresa.com","deleted","Aprovação deletada por admin@empresa.com","03/08/2025, 06:37:30","deleted"
"53354290...","approved","admin@empresa.com","admin@empresa.com","approved","Aprovado via botão rápido","03/08/2025, 06:37:28","approved"
"2c34dd4a...","rejected","admin@empresa.com","admin@empresa.com","rejected","Rejeitado via botão rápido","03/08/2025, 06:37:27","rejected"
"7e8971c3...","purchase","lucas.almeida@empresa.com","admin@empresa.com","deleted","Aprovação deletada por admin@empresa.com","03/08/2025, 06:29:20","deleted"
"8a33823a...","approved","admin@empresa.com","admin@empresa.com","approved","asdfasdfasdf","03/08/2025, 06:20:15","approved"
"7e8971c3...","restored","admin@empresa.com","admin@empresa.com","restored","Aprovação restaurada por admin@empresa.com - Status original: pending","03/08/2025, 06:17:07","restored"
"8a33823a...","rejected","admin@empresa.com","admin@empresa.com","rejected","Rejeitado via botão rápido","03/08/2025, 06:16:14","rejected"
"e23d09c0...","approved","admin@empresa.com","admin@empresa.com","approved","Aprovado via botão rápido","03/08/2025, 06:16:13","approved"
"7e8971c3...","purchase","lucas.almeida@empresa.com","admin@empresa.com","deleted","Aprovação deletada por admin@empresa.com","03/08/2025, 06:09:21","deleted"
"a7ad14b4...","purchase","ana.costa@empresa.com","admin@empresa.com","deleted","Aprovação deletada por admin@empresa.com","03/08/2025, 06:09:17","deleted"
"e504aafb...","approved","admin@empresa.com","admin@empresa.com","approved","Aprovado via botão rápido","03/08/2025, 06:09:09","approved"
"e8fe00a7...","rejected","admin@empresa.com","admin@empresa.com","rejected","Rejeitado via botão rápido","03/08/2025, 06:09:08","rejected"
"b7095ba7...","rejected","admin@empresa.com","admin@empresa.com","rejected","Rejeitado via botão rápido","03/08/2025, 05:52:07","rejected"
"a2152e99...","approved","admin@empresa.com","admin@empresa.com","approved","Aprovado via botão rápido","03/08/2025, 05:52:03","approved"
"1e83424d...","approved","admin@empresa.com","admin@empresa.com","approved","Aprovado via botão rápido","03/08/2025, 05:52:01","approved"
"c2ebf879...","purchase","carlos.rodrigues@empresa.com","admin@empresa.com","deleted","Aprovação deletada por admin@empresa.com","03/08/2025, 05:51:58","deleted"
"fa00766c...","purchase","admin@empresa.com","admin@empresa.com","deleted","Aprovação deletada por admin@empresa.com","03/08/2025, 05:51:01","deleted"
"cbc3c96f...","approved","admin@empresa.com","admin@empresa.com","approved","Aprovado via botão rápido","03/08/2025, 05:50:59","approved"
"b96eeead...","rejected","admin@empresa.com","admin@empresa.com","rejected","Rejeitado via botão rápido","03/08/2025, 05:50:58","rejected"
"ec9bf50a...","reimbursement","admin@empresa.com","admin@empresa.com","deleted","Aprovação deletada por admin@empresa.com","03/08/2025, 05:45:20","deleted"
"53a910bf...","rejected","admin@empresa.com","admin@empresa.com","rejected","asdasdasda","03/08/2025, 05:43:38","rejected"
"53a910bf...","approved","admin@empresa.com","admin@empresa.com","approved","asdasdasdas","03/08/2025, 05:33:27","approved"
"53a910bf...","rejected","admin@empresa.com","admin@empresa.com","rejected","gsdfgsdfgsdfgdsf","03/08/2025, 05:16:49","rejected"
"08878c2e...","approved","admin@empresa.com","admin@empresa.com","approved","gsdfgsdfgsdf","03/08/2025, 05:16:37","approved"
"08878c2e...","rejected","admin@empresa.com","admin@empresa.com","rejected","Rejeitado via botão rápido","03/08/2025, 05:15:58","rejected"
"53a910bf...","approved","admin@empresa.com","admin@empresa.com","approved","Aprovado via botão rápido","03/08/2025, 05:15:57","approved"
"52448fb5...","vacation","isabella.gomes@empresa.com","admin@empresa.com","deleted","Aprovação deletada por admin@empresa.com","03/08/2025, 05:15:27","deleted"
"e61779de...","rejected","admin@empresa.com","admin@empresa.com","rejected","Rejeitado via botão rápido","03/08/2025, 05:15:18","rejected"
"44571624...","approved","admin@empresa.com","admin@empresa.com","approved","Aprovado via botão rápido","03/08/2025, 05:15:17","approved"
"5281d243...","rejected","admin@empresa.com","admin@empresa.com","rejected","Rejeitado via botão rápido","03/08/2025, 05:10:31","rejected"
"5281d243...","restored","admin@empresa.com","admin@empresa.com","restored","Aprovação restaurada por admin@empresa.com - Status original: pending","03/08/2025, 05:10:19","restored"
"5281d243...","purchase","carlos.rodrigues@empresa.com","admin@empresa.com","deleted","Aprovação deletada por admin@empresa.com","03/08/2025, 05:09:51","deleted"
"08b119f6...","purchase","carlos.rodrigues@empresa.com","admin@empresa.com","deleted","Aprovação deletada por admin@empresa.com","03/08/2025, 05:09:50","deleted"
"ac45c72d...","vacation","sophia.martins@empresa.com","admin@empresa.com","deleted","Aprovação deletada por admin@empresa.com","03/08/2025, 05:09:45","deleted"
"44d0cd54...","vacation","isabella.gomes@empresa.com","admin@empresa.com","deleted","Aprovação deletada por admin@empresa.com","03/08/2025, 04:59:47","deleted"
"29a0a925...","rejected","admin@empresa.com","admin@empresa.com","rejected","Rejeitado via botão rápido","03/08/2025, 04:59:09","rejected"
"046ed1c3...","approved","admin@empresa.com","admin@empresa.com","approved","Aprovado via botão rápido","03/08/2025, 04:59:07","approved"
"2be80ff2...","rejected","admin@empresa.com","admin@empresa.com","rejected","Rejeitado - não atende aos critérios estabelecidos","03/08/2025, 04:58:24","rejected"
"f86c8a62...","approved","admin@empresa.com","admin@empresa.com","approved","Aprovado conforme política da empresa","03/08/2025, 04:58:24","approved"
"cea1dfb8...","rejected","manager@empresa.com","manager@empresa.com","rejected","Rejeitado - não atende aos critérios estabelecidos","03/08/2025, 04:58:24","rejected"
"d97b64df...","rejected","approver@empresa.com","approver@empresa.com","rejected","Rejeitado - não atende aos critérios estabelecidos","03/08/2025, 04:58:24","rejected"
"5a4cb4d1...","rejected","admin@empresa.com","admin@empresa.com","rejected","Rejeitado - não atende aos critérios estabelecidos","03/08/2025, 04:58:24","rejected"
"c3b0539a...","rejected","manager@empresa.com","manager@empresa.com","rejected","Rejeitado - não atende aos critérios estabelecidos","03/08/2025, 04:58:24","rejected"
"b8782a01...","rejected","admin@empresa.com","admin@empresa.com","rejected","Rejeitado - não atende aos critérios estabelecidos","03/08/2025, 04:58:24","rejected"
"339a5bca...","approved","admin@empresa.com","admin@empresa.com","approved","Aprovado conforme política da empresa","03/08/2025, 04:58:24","approved"
"8c5aa0fc...","approved","admin@empresa.com","admin@empresa.com","approved","Aprovado conforme política da empresa","03/08/2025, 04:58:24","approved"
"f69d2d8a...","rejected","approver@empresa.com","approver@empresa.com","rejected","Rejeitado - não atende aos critérios estabelecidos","03/08/2025, 04:58:24","rejected"
"06650694...","rejected","admin@empresa.com","admin@empresa.com","rejected","Rejeitado - não atende aos critérios estabelecidos","03/08/2025, 04:58:24","rejected"
"f1686c02...","approved","approver@empresa.com","approver@empresa.com","approved","Aprovado conforme política da empresa","03/08/2025, 04:58:24","approved"
"78c2a727...","rejected","admin@empresa.com","admin@empresa.com","rejected","Rejeitado - não atende aos critérios estabelecidos","03/08/2025, 04:58:24","rejected"
"a585f173...","rejected","admin@empresa.com","admin@empresa.com","rejected","Rejeitado - não atende aos critérios estabelecidos","03/08/2025, 04:58:24","rejected"
"6078104e...","approved","admin@empresa.com","admin@empresa.com","approved","Aprovado conforme política da empresa","03/08/2025, 04:58:24","approved"
"99e767ae...","approved","admin@empresa.com","admin@empresa.com","approved","Aprovado conforme política da empresa","03/08/2025, 04:58:24","approved"
"6f65269a...","approved","manager@empresa.com","manager@empresa.com","approved","Aprovado conforme política da empresa","03/08/2025, 04:58:24","approved"
"657ac502...","approved","approver@empresa.com","approver@empresa.com","approved","Aprovado conforme política da empresa","03/08/2025, 04:58:24","approved"
"ddaa168d...","rejected","manager@empresa.com","manager@empresa.com","rejected","Rejeitado - não atende aos critérios estabelecidos","03/08/2025, 04:58:24","rejected"
"2c2bde77...","approved","manager@empresa.com","manager@empresa.com","approved","Aprovado conforme política da empresa","03/08/2025, 04:58:24","approved"
"64d3fee1...","rejected","approver@empresa.com","approver@empresa.com","rejected","Rejeitado - não atende aos critérios estabelecidos","03/08/2025, 04:58:24","rejected"
"2cd15389...","approved","manager@empresa.com","manager@empresa.com","approved","Aprovado conforme política da empresa","03/08/2025, 04:58:24","approved"
"1aa7bfbf...","approved","admin@empresa.com","admin@empresa.com","approved","Aprovado conforme política da empresa","03/08/2025, 04:58:24","approved"
"29972284...","rejected","manager@empresa.com","manager@empresa.com","rejected","Rejeitado - não atende aos critérios estabelecidos","03/08/2025, 04:58:24","rejected"
"993d40a4...","approved","admin@empresa.com","admin@empresa.com","approved","Aprovado conforme política da empresa","03/08/2025, 04:58:24","approved"
"153e52d4...","rejected","approver@empresa.com","approver@empresa.com","rejected","Rejeitado - não atende aos critérios estabelecidos","03/08/2025, 04:58:24","rejected"
"b8c86ca0...","approved","admin@empresa.com","admin@empresa.com","approved","Aprovado conforme política da empresa","03/08/2025, 04:58:24","approved"
"6dd22b4c...","approved","manager@empresa.com","manager@empresa.com","approved","Aprovado conforme política da empresa","03/08/2025, 04:58:24","approved"
"c5371b27...","rejected","manager@empresa.com","manager@empresa.com","rejected","Rejeitado - não atende aos critérios estabelecidos","03/08/2025, 04:58:24","rejected"
"ba8bed58...","rejected","admin@empresa.com","admin@empresa.com","rejected","Rejeitado - não atende aos critérios estabelecidos","03/08/2025, 04:58:24","rejected"
"fb0b4f8a...","approved","approver@empresa.com","approver@empresa.com","approved","Aprovado conforme política da empresa","03/08/2025, 04:58:24","approved"
"7c145a77...","rejected","admin@empresa.com","admin@empresa.com","rejected","Rejeitado - não atende aos critérios estabelecidos","03/08/2025, 04:58:24","rejected"
"27b7ca2a...","rejected","manager@empresa.com","manager@empresa.com","rejected","Rejeitado - não atende aos critérios estabelecidos","03/08/2025, 04:58:24","rejected"
"1b0d2f89...","approved","manager@empresa.com","manager@empresa.com","approved","Aprovado conforme política da empresa","03/08/2025, 04:58:24","approved"
"b0e42af2...","approved","approver@empresa.com","approver@empresa.com","approved","Aprovado conforme política da empresa","03/08/2025, 04:58:24","approved"
"fde890e6...","rejected","manager@empresa.com","manager@empresa.com","rejected","Rejeitado - não atende aos critérios estabelecidos","03/08/2025, 04:58:24","rejected"
"099dc896...","approved","admin@empresa.com","admin@empresa.com","approved","Aprovado conforme política da empresa","03/08/2025, 04:58:24","approved"
"c7e25a3c...","approved","admin@empresa.com","admin@empresa.com","approved","Aprovado conforme política da empresa","03/08/2025, 04:58:24","approved"
"f4196b5e...","approved","manager@empresa.com","manager@empresa.com","approved","Aprovado conforme política da empresa","03/08/2025, 04:58:24","approved"
"691ac831...","approved","admin@empresa.com","admin@empresa.com","approved","Aprovado conforme política da empresa","03/08/2025, 04:58:24","approved"
"a3193885...","rejected","approver@empresa.com","approver@empresa.com","rejected","Rejeitado - não atende aos critérios estabelecidos","03/08/2025, 04:58:24","rejected"
"13b8bcdf...","rejected","approver@empresa.com","approver@empresa.com","rejected","Rejeitado - não atende aos critérios estabelecidos","03/08/2025, 04:58:24","rejected"
"738d0a7e...","approved","admin@empresa.com","admin@empresa.com","approved","Aprovado conforme política da empresa","03/08/2025, 04:58:24","approved"
"8e233b3f...","approved","admin@empresa.com","admin@empresa.com","approved","Aprovado conforme política da empresa","03/08/2025, 04:58:24","approved"
"f9c749f6...","rejected","approver@empresa.com","approver@empresa.com","rejected","Rejeitado - não atende aos critérios estabelecidos","03/08/2025, 04:58:24","rejected"
"e4805ddb...","rejected","approver@empresa.com","approver@empresa.com","rejected","Rejeitado - não atende aos critérios estabelecidos","03/08/2025, 04:58:24","rejected"
"0c2f7a6d...","rejected","approver@empresa.com","approver@empresa.com","rejected","Rejeitado - não atende aos critérios estabelecidos","03/08/2025, 04:58:24","rejected"
"e89ef172...","approved","manager@empresa.com","manager@empresa.com","approved","Aprovado conforme política da empresa","03/08/2025, 04:58:24","approved"
"9a778393...","approved","admin@empresa.com","admin@empresa.com","approved","Aprovado conforme política da empresa","03/08/2025, 04:58:24","approved"
"654508f4...","approved","admin@empresa.com","admin@empresa.com","approved","Aprovado conforme política da empresa","03/08/2025, 04:58:24","approved"
"467fd90e...","approved","manager@empresa.com","manager@empresa.com","approved","Aprovado conforme política da empresa","03/08/2025, 04:58:24","approved"
"f16ba04f...","approved","approver@empresa.com","approver@empresa.com","approved","Aprovado conforme política da empresa","03/08/2025, 04:58:24","approved"
"2e9a1ddb...","rejected","manager@empresa.com","manager@empresa.com","rejected","Rejeitado - não atende aos critérios estabelecidos","03/08/2025, 04:58:24","rejected"
"119c2a19...","approved","manager@empresa.com","manager@empresa.com","approved","Aprovado conforme política da empresa","03/08/2025, 04:58:24","approved"
"6bda2d52...","rejected","admin@empresa.com","admin@empresa.com","rejected","Rejeitado - não atende aos critérios estabelecidos","03/08/2025, 04:58:24","rejected"
"02b87590...","rejected","manager@empresa.com","manager@empresa.com","rejected","Rejeitado - não atende aos critérios estabelecidos","03/08/2025, 04:58:24","rejected"
"20038cc3...","approved","admin@empresa.com","admin@empresa.com","approved","Aprovado conforme política da empresa","03/08/2025, 04:58:24","approved"
"eeb5b063...","rejected","manager@empresa.com","manager@empresa.com","rejected","Rejeitado - não atende aos critérios estabelecidos","03/08/2025, 04:58:24","rejected"
"a82d5c6e...","rejected","manager@empresa.com","manager@empresa.com","rejected","Rejeitado - não atende aos critérios estabelecidos","03/08/2025, 04:58:24","rejected"
"ae3a163c...","rejected","admin@empresa.com","admin@empresa.com","rejected","Rejeitado - não atende aos critérios estabelecidos","03/08/2025, 04:58:24","rejected"
"576d3ea9...","rejected","admin@empresa.com","admin@empresa.com","rejected","Rejeitado - não atende aos critérios estabelecidos","03/08/2025, 04:58:24","rejected"
"58c1972f...","rejected","approver@empresa.com","approver@empresa.com","rejected","Rejeitado - não atende aos critérios estabelecidos","03/08/2025, 04:58:24","rejected"
"634b1a0f...","approved","manager@empresa.com","manager@empresa.com","approved","Aprovado conforme política da empresa","03/08/2025, 04:58:24","approved"
"59cbe4ce...","rejected","approver@empresa.com","approver@empresa.com","rejected","Rejeitado - não atende aos critérios estabelecidos","03/08/2025, 04:58:24","rejected"
"6115b13f...","approved","admin@empresa.com","admin@empresa.com","approved","Aprovado conforme política da empresa","03/08/2025, 04:58:24","approved"
"616a07b1...","approved","approver@empresa.com","approver@empresa.com","approved","Aprovado conforme política da empresa","03/08/2025, 04:58:24","approved"
"31a857c8...","rejected","admin@empresa.com","admin@empresa.com","rejected","Rejeitado - não atende aos critérios estabelecidos","03/08/2025, 04:58:24","rejected"
"8150a3e1...","rejected","approver@empresa.com","approver@empresa.com","rejected","Rejeitado - não atende aos critérios estabelecidos","03/08/2025, 04:58:24","rejected"
"013ee911...","rejected","manager@empresa.com","manager@empresa.com","rejected","Rejeitado - não atende aos critérios estabelecidos","03/08/2025, 04:58:24","rejected"
"58c23c81...","approved","manager@empresa.com","manager@empresa.com","approved","Aprovado conforme política da empresa","03/08/2025, 04:58:24","approved"
"797e53dc...","approved","manager@empresa.com","manager@empresa.com","approved","Aprovado conforme política da empresa","03/08/2025, 04:58:24","approved"
"5cfe93f0...","approved","admin@empresa.com","admin@empresa.com","approved","Aprovado conforme política da empresa","03/08/2025, 04:58:24","approved"
"360e20f9...","rejected","admin@empresa.com","admin@empresa.com","rejected","Rejeitado - não atende aos critérios estabelecidos","03/08/2025, 04:58:24","rejected"
"9487a117...","rejected","manager@empresa.com","manager@empresa.com","rejected","Rejeitado - não atende aos critérios estabelecidos","03/08/2025, 04:58:24","rejected"
"380d1bed...","rejected","admin@empresa.com","admin@empresa.com","rejected","Rejeitado - não atende aos critérios estabelecidos","03/08/2025, 04:58:24","rejected"
"ccd8e9cb...","rejected","admin@empresa.com","admin@empresa.com","rejected","Rejeitado - não atende aos critérios estabelecidos","03/08/2025, 04:58:24","rejected"
"309468dd...","approved","admin@empresa.com","admin@empresa.com","approved","Aprovado conforme política da empresa","03/08/2025, 04:58:24","approved"
"a2f542b6...","approved","admin@empresa.com","admin@empresa.com","approved","Aprovado conforme política da empresa","03/08/2025, 04:58:24","approved"
"b0b7a7c6...","approved","admin@empresa.com","admin@empresa.com","approved","Aprovado conforme política da empresa","03/08/2025, 04:58:24","approved"
"0e8cf04d...","approved","approver@empresa.com","approver@empresa.com","approved","Aprovado conforme política da empresa","03/08/2025, 04:58:24","approved"
"e2223010...","approved","manager@empresa.com","manager@empresa.com","approved","Aprovado conforme política da empresa","03/08/2025, 04:58:24","approved"
"3d0847dc...","rejected","approver@empresa.com","approver@empresa.com","rejected","Rejeitado - não atende aos critérios estabelecidos","03/08/2025, 04:58:24","rejected"
"4d096f3b...","approved","manager@empresa.com","manager@empresa.com","approved","Aprovado conforme política da empresa","03/08/2025, 04:58:24","approved"
"c0b638b1...","rejected","admin@empresa.com","admin@empresa.com","rejected","Rejeitado - não atende aos critérios estabelecidos","03/08/2025, 04:58:24","rejected"
"a47ad387...","approved","manager@empresa.com","manager@empresa.com","approved","Aprovado conforme política da empresa","03/08/2025, 04:58:24","approved"
"5080390d...","approved","approver@empresa.com","approver@empresa.com","approved","Aprovado conforme política da empresa","03/08/2025, 04:58:24","approved"
"fc660299...","approved","admin@empresa.com","admin@empresa.com","approved","Aprovado conforme política da empresa","03/08/2025, 04:58:24","approved"
"58b6f743...","approved","manager@empresa.com","manager@empresa.com","approved","Aprovado conforme política da empresa","03/08/2025, 04:58:24","approved"
"aa89c177...","rejected","admin@empresa.com","admin@empresa.com","rejected","Rejeitado - não atende aos critérios estabelecidos","03/08/2025, 04:58:24","rejected"
"b5831e55...","rejected","manager@empresa.com","manager@empresa.com","rejected","Rejeitado - não atende aos critérios estabelecidos","03/08/2025, 04:58:24","rejected"
"1fb23ab0...","rejected","admin@empresa.com","admin@empresa.com","rejected","Rejeitado - não atende aos critérios estabelecidos","03/08/2025, 04:58:24","rejected"
"f9865f56...","approved","admin@empresa.com","admin@empresa.com","approved","Aprovado conforme política da empresa","03/08/2025, 04:58:24","approved"
"de4a178b...","approved","admin@empresa.com","admin@empresa.com","approved","Aprovado conforme política da empresa","03/08/2025, 04:58:24","approved"
"25bb8302...","approved","admin@empresa.com","admin@empresa.com","approved","Aprovado conforme política da empresa","03/08/2025, 04:58:24","approved"
"a7610546...","rejected","manager@empresa.com","manager@empresa.com","rejected","Rejeitado - não atende aos critérios estabelecidos","03/08/2025, 04:58:24","rejected"
"0ca5b1ef...","rejected","manager@empresa.com","manager@empresa.com","rejected","Rejeitado - não atende aos critérios estabelecidos","03/08/2025, 04:58:24","rejected"
"bf3b6152...","rejected","admin@empresa.com","admin@empresa.com","rejected","Rejeitado - não atende aos critérios estabelecidos","03/08/2025, 04:58:24","rejected"
"7a334fa6...","rejected","manager@empresa.com","manager@empresa.com","rejected","Rejeitado - não atende aos critérios estabelecidos","03/08/2025, 04:58:24","rejected"
"498ba64f...","rejected","manager@empresa.com","manager@empresa.com","rejected","Rejeitado - não atende aos critérios estabelecidos","03/08/2025, 04:58:24","rejected"
"35b2e1b1...","approved","manager@empresa.com","manager@empresa.com","approved","Aprovado conforme política da empresa","03/08/2025, 04:58:24","approved"
"8f6245a0...","approved","approver@empresa.com","approver@empresa.com","approved","Aprovado conforme política da empresa","03/08/2025, 04:58:24","approved"
"dd9e6666...","approved","approver@empresa.com","approver@empresa.com","approved","Aprovado conforme política da empresa","03/08/2025, 04:58:24","approved"
"d57145d3...","approved","manager@empresa.com","manager@empresa.com","approved","Aprovado conforme política da empresa","03/08/2025, 04:58:24","approved"
"e29301f8...","rejected","manager@empresa.com","manager@empresa.com","rejected","Rejeitado - não atende aos critérios estabelecidos","03/08/2025, 04:58:24","rejected"
"62d4b3e4...","approved","approver@empresa.com","approver@empresa.com","approved","Aprovado conforme política da empresa","03/08/2025, 04:58:24","approved"
"476872f7...","approved","manager@empresa.com","manager@empresa.com","approved","Aprovado conforme política da empresa","03/08/2025, 04:58:24","approved"
"b8401c6f...","rejected","manager@empresa.com","manager@empresa.com","rejected","Rejeitado - não atende aos critérios estabelecidos","03/08/2025, 04:58:24","rejected"
"f9f1734b...","rejected","admin@empresa.com","admin@empresa.com","rejected","Rejeitado - não atende aos critérios estabelecidos","03/08/2025, 04:58:24","rejected"
"64c3c74e...","rejected","admin@empresa.com","admin@empresa.com","rejected","Rejeitado - não atende aos critérios estabelecidos","03/08/2025, 04:58:24","rejected"
"8cd00afd...","approved","manager@empresa.com","manager@empresa.com","approved","Aprovado conforme política da empresa","03/08/2025, 04:58:24","approved"
"3c8ae08b...","approved","manager@empresa.com","manager@empresa.com","approved","Aprovado conforme política da empresa","03/08/2025, 04:58:24","approved"
"7191ad49...","rejected","approver@empresa.com","approver@empresa.com","rejected","Rejeitado - não atende aos critérios estabelecidos","03/08/2025, 04:58:24","rejected"
"7f8ad4a1...","approved","admin@empresa.com","admin@empresa.com","approved","Aprovado conforme política da empresa","03/08/2025, 04:58:24","approved"
"2bea3caa...","approved","approver@empresa.com","approver@empresa.com","approved","Aprovado conforme política da empresa","03/08/2025, 04:58:24","approved"
"69e4e75b...","approved","admin@empresa.com","admin@empresa.com","approved","Aprovado conforme política da empresa","03/08/2025, 04:58:24","approved"
"65e137b5...","rejected","approver@empresa.com","approver@empresa.com","rejected","Rejeitado - não atende aos critérios estabelecidos","03/08/2025, 04:58:24","rejected"
"c196e6ce...","rejected","manager@empresa.com","manager@empresa.com","rejected","Rejeitado - não atende aos critérios estabelecidos","03/08/2025, 04:58:24","rejected"
"72a167bb...","approved","manager@empresa.com","manager@empresa.com","approved","Aprovado conforme política da empresa","03/08/2025, 04:58:24","approved"
"42bf6508...","rejected","admin@empresa.com","admin@empresa.com","rejected","Rejeitado - não atende aos critérios estabelecidos","03/08/2025, 04:58:24","rejected"
"21a0ea88...","rejected","approver@empresa.com","approver@empresa.com","rejected","Rejeitado - não atende aos critérios estabelecidos","03/08/2025, 04:58:24","rejected"
"4b490e4d...","approved","approver@empresa.com","approver@empresa.com","approved","Aprovado conforme política da empresa","03/08/2025, 04:58:24","approved"
"dbc485ce...","approved","approver@empresa.com","approver@empresa.com","approved","Aprovado conforme política da empresa","03/08/2025, 04:58:24","approved"
"ac4451cb...","approved","manager@empresa.com","manager@empresa.com","approved","Aprovado conforme política da empresa","03/08/2025, 04:58:24","approved"
"55704b6f...","rejected","admin@empresa.com","admin@empresa.com","rejected","Rejeitado - não atende aos critérios estabelecidos","03/08/2025, 04:58:24","rejected"
"4b5e5e93...","approved","approver@empresa.com","approver@empresa.com","approved","Aprovado conforme política da empresa","03/08/2025, 04:58:24","approved"
"1b751839...","approved","approver@empresa.com","approver@empresa.com","approved","Aprovado conforme política da empresa","03/08/2025, 04:58:24","approved"
"1a183baf...","rejected","admin@empresa.com","admin@empresa.com","rejected","Rejeitado - não atende aos critérios estabelecidos","03/08/2025, 04:58:24","rejected"
"660e9b4c...","approved","manager@empresa.com","manager@empresa.com","approved","Aprovado conforme política da empresa","03/08/2025, 04:58:24","approved"
"04196be7...","approved","admin@empresa.com","admin@empresa.com","approved","Aprovado conforme política da empresa","03/08/2025, 04:57:37","approved"
"bc61052f...","rejected","manager@empresa.com","manager@empresa.com","rejected","Rejeitado - não atende aos critérios estabelecidos","03/08/2025, 04:57:37","rejected"
"85c038bb...","approved","approver@empresa.com","approver@empresa.com","approved","Aprovado conforme política da empresa","03/08/2025, 04:57:37","approved"
"fdf6a5e1...","rejected","admin@empresa.com","admin@empresa.com","rejected","Rejeitado - não atende aos critérios estabelecidos","03/08/2025, 04:57:37","rejected"
"a6414c39...","approved","admin@empresa.com","admin@empresa.com","approved","Aprovado conforme política da empresa","03/08/2025, 04:57:37","approved"
"ae1f4e10...","approved","approver@empresa.com","approver@empresa.com","approved","Aprovado conforme política da empresa","03/08/2025, 04:57:37","approved"
"a31cf344...","approved","manager@empresa.com","manager@empresa.com","approved","Aprovado conforme política da empresa","03/08/2025, 04:57:37","approved"
"601bbe78...","rejected","admin@empresa.com","admin@empresa.com","rejected","Rejeitado - não atende aos critérios estabelecidos","03/08/2025, 04:57:37","rejected"
"a6c91063...","approved","manager@empresa.com","manager@empresa.com","approved","Aprovado conforme política da empresa","03/08/2025, 04:57:37","approved"
"ab02c303...","approved","admin@empresa.com","admin@empresa.com","approved","Aprovado conforme política da empresa","03/08/2025, 04:57:37","approved"
"cad7464b...","rejected","admin@empresa.com","admin@empresa.com","rejected","Rejeitado - não atende aos critérios estabelecidos","03/08/2025, 04:57:37","rejected"
"e6e51a32...","rejected","admin@empresa.com","admin@empresa.com","rejected","Rejeitado - não atende aos critérios estabelecidos","03/08/2025, 04:57:37","rejected"
"fb6ec55a...","approved","manager@empresa.com","manager@empresa.com","approved","Aprovado conforme política da empresa","03/08/2025, 04:57:37","approved"
"37f39e5e...","approved","approver@empresa.com","approver@empresa.com","approved","Aprovado conforme política da empresa","03/08/2025, 04:57:37","approved"
"071e7470...","approved","admin@empresa.com","admin@empresa.com","approved","Aprovado conforme política da empresa","03/08/2025, 04:57:37","approved"
"99a0c0fb...","rejected","approver@empresa.com","approver@empresa.com","rejected","Rejeitado - não atende aos critérios estabelecidos","03/08/2025, 04:57:37","rejected"
"ae58845a...","approved","admin@empresa.com","admin@empresa.com","approved","Aprovado conforme política da empresa","03/08/2025, 04:57:37","approved"
"3df662e0...","approved","approver@empresa.com","approver@empresa.com","approved","Aprovado conforme política da empresa","03/08/2025, 04:57:37","approved"
"9f4a9bbb...","rejected","admin@empresa.com","admin@empresa.com","rejected","Rejeitado - não atende aos critérios estabelecidos","03/08/2025, 04:57:37","rejected"
"aaa51fad...","rejected","approver@empresa.com","approver@empresa.com","rejected","Rejeitado - não atende aos critérios estabelecidos","03/08/2025, 04:57:37","rejected"
"803e4f99...","approved","admin@empresa.com","admin@empresa.com","approved","Aprovado conforme política da empresa","03/08/2025, 04:57:37","approved"
"cd407b34...","rejected","admin@empresa.com","admin@empresa.com","rejected","Rejeitado - não atende aos critérios estabelecidos","03/08/2025, 04:57:37","rejected"
"56e964cc...","rejected","admin@empresa.com","admin@empresa.com","rejected","Rejeitado - não atende aos critérios estabelecidos","03/08/2025, 04:57:37","rejected"
"95a2999b...","rejected","manager@empresa.com","manager@empresa.com","rejected","Rejeitado - não atende aos critérios estabelecidos","03/08/2025, 04:57:37","rejected"
"e0d12f13...","approved","manager@empresa.com","manager@empresa.com","approved","Aprovado conforme política da empresa","03/08/2025, 04:57:37","approved"
"7ccc0090...","approved","admin@empresa.com","admin@empresa.com","approved","Aprovado conforme política da empresa","03/08/2025, 04:57:37","approved"
"e7e78e0f...","rejected","admin@empresa.com","admin@empresa.com","rejected","Rejeitado - não atende aos critérios estabelecidos","03/08/2025, 04:57:37","rejected"
"e77af082...","rejected","approver@empresa.com","approver@empresa.com","rejected","Rejeitado - não atende aos critérios estabelecidos","03/08/2025, 04:57:37","rejected"
"ae332e43...","approved","manager@empresa.com","manager@empresa.com","approved","Aprovado conforme política da empresa","03/08/2025, 04:57:37","approved"
"e7aad42b...","rejected","manager@empresa.com","manager@empresa.com","rejected","Rejeitado - não atende aos critérios estabelecidos","03/08/2025, 04:57:37","rejected"
"d6a38b7e...","approved","admin@empresa.com","admin@empresa.com","approved","Aprovado conforme política da empresa","03/08/2025, 04:57:37","approved"
"c7dac470...","approved","manager@empresa.com","manager@empresa.com","approved","Aprovado conforme política da empresa","03/08/2025, 04:57:37","approved"
"b04370aa...","rejected","manager@empresa.com","manager@empresa.com","rejected","Rejeitado - não atende aos critérios estabelecidos","03/08/2025, 04:57:37","rejected"
"f31dc07a...","rejected","manager@empresa.com","manager@empresa.com","rejected","Rejeitado - não atende aos critérios estabelecidos","03/08/2025, 04:57:37","rejected"
"ea9c628d...","rejected","admin@empresa.com","admin@empresa.com","rejected","Rejeitado - não atende aos critérios estabelecidos","03/08/2025, 04:57:37","rejected"
"7f4db775...","rejected","manager@empresa.com","manager@empresa.com","rejected","Rejeitado - não atende aos critérios estabelecidos","03/08/2025, 04:57:37","rejected"
"de762666...","approved","admin@empresa.com","admin@empresa.com","approved","Aprovado conforme política da empresa","03/08/2025, 04:57:37","approved"
"5d224aa5...","approved","approver@empresa.com","approver@empresa.com","approved","Aprovado conforme política da empresa","03/08/2025, 04:57:37","approved"
"f8754602...","rejected","admin@empresa.com","admin@empresa.com","rejected","Rejeitado - não atende aos critérios estabelecidos","03/08/2025, 04:57:37","rejected"
"644115e3...","approved","admin@empresa.com","admin@empresa.com","approved","Aprovado conforme política da empresa","03/08/2025, 04:57:37","approved"
"fcc3b7cd...","rejected","manager@empresa.com","manager@empresa.com","rejected","Rejeitado - não atende aos critérios estabelecidos","03/08/2025, 04:57:37","rejected"
"6b2468ca...","rejected","approver@empresa.com","approver@empresa.com","rejected","Rejeitado - não atende aos critérios estabelecidos","03/08/2025, 04:57:37","rejected"
"c00d37b2...","approved","approver@empresa.com","approver@empresa.com","approved","Aprovado conforme política da empresa","03/08/2025, 04:57:37","approved"
"69c3bed9...","rejected","approver@empresa.com","approver@empresa.com","rejected","Rejeitado - não atende aos critérios estabelecidos","03/08/2025, 04:57:37","rejected"
"edb1691d...","rejected","manager@empresa.com","manager@empresa.com","rejected","Rejeitado - não atende aos critérios estabelecidos","03/08/2025, 04:57:37","rejected"
"d70acc89...","approved","admin@empresa.com","admin@empresa.com","approved","Aprovado conforme política da empresa","03/08/2025, 04:57:37","approved"
"bb334425...","approved","manager@empresa.com","manager@empresa.com","approved","Aprovado conforme política da empresa","03/08/2025, 04:57:37","approved"
"047f7c97...","approved","approver@empresa.com","approver@empresa.com","approved","Aprovado conforme política da empresa","03/08/2025, 04:57:37","approved"
"0f4390b9...","approved","manager@empresa.com","manager@empresa.com","approved","Aprovado conforme política da empresa","03/08/2025, 04:57:37","approved"
"c7a86a57...","approved","admin@empresa.com","admin@empresa.com","approved","Aprovado conforme política da empresa","03/08/2025, 04:57:37","approved"
"409da4ee...","rejected","admin@empresa.com","admin@empresa.com","rejected","Rejeitado - não atende aos critérios estabelecidos","03/08/2025, 04:57:37","rejected"
"dbf7e8f5...","approved","manager@empresa.com","manager@empresa.com","approved","Aprovado conforme política da empresa","03/08/2025, 04:57:37","approved"
"79a373cc...","rejected","admin@empresa.com","admin@empresa.com","rejected","Rejeitado - não atende aos critérios estabelecidos","03/08/2025, 04:57:37","rejected"
"0f9b2417...","rejected","approver@empresa.com","approver@empresa.com","rejected","Rejeitado - não atende aos critérios estabelecidos","03/08/2025, 04:57:37","rejected"
"dfdf2a27...","approved","manager@empresa.com","manager@empresa.com","approved","Aprovado conforme política da empresa","03/08/2025, 04:57:37","approved"
"12a90342...","approved","admin@empresa.com","admin@empresa.com","approved","Aprovado conforme política da empresa","03/08/2025, 04:57:37","approved"
"7f639141...","approved","approver@empresa.com","approver@empresa.com","approved","Aprovado conforme política da empresa","03/08/2025, 04:57:37","approved"
"c57c436c...","approved","manager@empresa.com","manager@empresa.com","approved","Aprovado conforme política da empresa","03/08/2025, 04:57:37","approved"
"ee1e4437...","rejected","approver@empresa.com","approver@empresa.com","rejected","Rejeitado - não atende aos critérios estabelecidos","03/08/2025, 04:57:37","rejected"
"1c33aa9c...","rejected","manager@empresa.com","manager@empresa.com","rejected","Rejeitado - não atende aos critérios estabelecidos","03/08/2025, 04:57:37","rejected"
"3f490706...","rejected","approver@empresa.com","approver@empresa.com","rejected","Rejeitado - não atende aos critérios estabelecidos","03/08/2025, 04:57:37","rejected"
"8b5c599f...","approved","admin@empresa.com","admin@empresa.com","approved","Aprovado conforme política da empresa","03/08/2025, 04:57:37","approved"
"533a5ee8...","rejected","manager@empresa.com","manager@empresa.com","rejected","Rejeitado - não atende aos critérios estabelecidos","03/08/2025, 04:57:37","rejected"
"84715fb9...","rejected","manager@empresa.com","manager@empresa.com","rejected","Rejeitado - não atende aos critérios estabelecidos","03/08/2025, 04:57:37","rejected"
"aaead390...","approved","manager@empresa.com","manager@empresa.com","approved","Aprovado conforme política da empresa","03/08/2025, 04:57:37","approved"
"3f2f7ac3...","approved","admin@empresa.com","admin@empresa.com","approved","Aprovado conforme política da empresa","03/08/2025, 04:57:37","approved"
"acb99198...","rejected","manager@empresa.com","manager@empresa.com","rejected","Rejeitado - não atende aos critérios estabelecidos","03/08/2025, 04:57:37","rejected"
"9e4ef852...","rejected","admin@empresa.com","admin@empresa.com","rejected","Rejeitado - não atende aos critérios estabelecidos","03/08/2025, 04:57:37","rejected"
"05bf5734...","approved","approver@empresa.com","approver@empresa.com","approved","Aprovado conforme política da empresa","03/08/2025, 04:57:37","approved"
"cfd52c3b...","approved","approver@empresa.com","approver@empresa.com","approved","Aprovado conforme política da empresa","03/08/2025, 04:57:37","approved"
"d4aed98c...","rejected","approver@empresa.com","approver@empresa.com","rejected","Rejeitado - não atende aos critérios estabelecidos","03/08/2025, 04:57:37","rejected"
"c059f10d...","rejected","admin@empresa.com","admin@empresa.com","rejected","Rejeitado - não atende aos critérios estabelecidos","03/08/2025, 04:57:37","rejected"
"97aab042...","rejected","manager@empresa.com","manager@empresa.com","rejected","Rejeitado - não atende aos critérios estabelecidos","03/08/2025, 04:57:37","rejected"
"8205b0e2...","approved","approver@empresa.com","approver@empresa.com","approved","Aprovado conforme política da empresa","03/08/2025, 04:57:37","approved"
"03c58973...","approved","approver@empresa.com","approver@empresa.com","approved","Aprovado conforme política da empresa","03/08/2025, 04:57:37","approved"
"386b80f9...","approved","manager@empresa.com","manager@empresa.com","approved","Aprovado conforme política da empresa","03/08/2025, 04:57:37","approved"
"894d96d0...","rejected","approver@empresa.com","approver@empresa.com","rejected","Rejeitado - não atende aos critérios estabelecidos","03/08/2025, 04:57:37","rejected"
"0ebc325f...","rejected","approver@empresa.com","approver@empresa.com","rejected","Rejeitado - não atende aos critérios estabelecidos","03/08/2025, 04:57:37","rejected"
"a9c6be4e...","approved","admin@empresa.com","admin@empresa.com","approved","Aprovado conforme política da empresa","03/08/2025, 04:57:37","approved"
"ec856137...","approved","admin@empresa.com","admin@empresa.com","approved","Aprovado conforme política da empresa","03/08/2025, 04:57:37","approved"
"25cbf2e3...","rejected","manager@empresa.com","manager@empresa.com","rejected","Rejeitado - não atende aos critérios estabelecidos","03/08/2025, 04:57:37","rejected"
"238dda51...","approved","manager@empresa.com","manager@empresa.com","approved","Aprovado conforme política da empresa","03/08/2025, 04:57:37","approved"
"28aa7a6c...","rejected","manager@empresa.com","manager@empresa.com","rejected","Rejeitado - não atende aos critérios estabelecidos","03/08/2025, 04:57:37","rejected"
"4b1e126e...","rejected","approver@empresa.com","approver@empresa.com","rejected","Rejeitado - não atende aos critérios estabelecidos","03/08/2025, 04:57:37","rejected"
"cfeb3b11...","rejected","approver@empresa.com","approver@empresa.com","rejected","Rejeitado - não atende aos critérios estabelecidos","03/08/2025, 04:57:37","rejected"
"83743069...","rejected","approver@empresa.com","approver@empresa.com","rejected","Rejeitado - não atende aos critérios estabelecidos","03/08/2025, 04:57:37","rejected"
"fb494bb1...","approved","manager@empresa.com","manager@empresa.com","approved","Aprovado conforme política da empresa","03/08/2025, 04:57:37","approved"
"7bf6f2b3...","approved","manager@empresa.com","manager@empresa.com","approved","Aprovado conforme política da empresa","03/08/2025, 04:57:37","approved"
"d6e04300...","approved","admin@empresa.com","admin@empresa.com","approved","Aprovado conforme política da empresa","03/08/2025, 04:57:37","approved"
"f38d1eb4...","approved","manager@empresa.com","manager@empresa.com","approved","Aprovado conforme política da empresa","03/08/2025, 04:57:37","approved"
"4695a5a9...","rejected","admin@empresa.com","admin@empresa.com","rejected","Rejeitado - não atende aos critérios estabelecidos","03/08/2025, 04:57:37","rejected"
"0dd4e0a9...","rejected","manager@empresa.com","manager@empresa.com","rejected","Rejeitado - não atende aos critérios estabelecidos","03/08/2025, 04:57:37","rejected"
"21f08b56...","rejected","manager@empresa.com","manager@empresa.com","rejected","Rejeitado - não atende aos critérios estabelecidos","03/08/2025, 04:57:37","rejected"
"a3ce6110...","rejected","approver@empresa.com","approver@empresa.com","rejected","Rejeitado - não atende aos critérios estabelecidos","03/08/2025, 04:57:37","rejected"
"c90d55d4...","rejected","admin@empresa.com","admin@empresa.com","rejected","Rejeitado - não atende aos critérios estabelecidos","03/08/2025, 04:57:37","rejected"
"043e76b8...","rejected","manager@empresa.com","manager@empresa.com","rejected","Rejeitado - não atende aos critérios estabelecidos","03/08/2025, 04:57:37","rejected"
"096e0a10...","approved","approver@empresa.com","approver@empresa.com","approved","Aprovado conforme política da empresa","03/08/2025, 04:57:37","approved"
"cc5c88b6...","rejected","approver@empresa.com","approver@empresa.com","rejected","Rejeitado - não atende aos critérios estabelecidos","03/08/2025, 04:57:37","rejected"
"d193d4dc...","rejected","approver@empresa.com","approver@empresa.com","rejected","Rejeitado - não atende aos critérios estabelecidos","03/08/2025, 04:57:37","rejected"
"39580b00...","approved","manager@empresa.com","manager@empresa.com","approved","Aprovado conforme política da empresa","03/08/2025, 04:57:37","approved"
"1682fffd...","approved","manager@empresa.com","manager@empresa.com","approved","Aprovado conforme política da empresa","03/08/2025, 04:57:37","approved"
"d8003e15...","approved","manager@empresa.com","manager@empresa.com","approved","Aprovado conforme política da empresa","03/08/2025, 04:57:37","approved"
"e600ac68...","rejected","approver@empresa.com","approver@empresa.com","rejected","Rejeitado - não atende aos critérios estabelecidos","03/08/2025, 04:57:37","rejected"
"af0b5503...","rejected","manager@empresa.com","manager@empresa.com","rejected","Rejeitado - não atende aos critérios estabelecidos","03/08/2025, 04:57:37","rejected"
"40e57a73...","rejected","approver@empresa.com","approver@empresa.com","rejected","Rejeitado - não atende aos critérios estabelecidos","03/08/2025, 04:57:37","rejected"
"93d4581b...","approved","approver@empresa.com","approver@empresa.com","approved","Aprovado conforme política da empresa","03/08/2025, 04:57:37","approved"
"5a4fa1ff...","approved","admin@empresa.com","admin@empresa.com","approved","Aprovado conforme política da empresa","03/08/2025, 04:57:37","approved"
"e536f4f6...","rejected","approver@empresa.com","approver@empresa.com","rejected","Rejeitado - não atende aos critérios estabelecidos","03/08/2025, 04:57:37","rejected"
"f8fef1fc...","rejected","admin@empresa.com","admin@empresa.com","rejected","Rejeitado - não atende aos critérios estabelecidos","03/08/2025, 04:57:37","rejected"
"83cad36f...","rejected","approver@empresa.com","approver@empresa.com","rejected","Rejeitado - não atende aos critérios estabelecidos","03/08/2025, 04:57:37","rejected"
"5f3f4fa0...","rejected","manager@empresa.com","manager@empresa.com","rejected","Rejeitado - não atende aos critérios estabelecidos","03/08/2025, 04:57:37","rejected"
"dbc5df95...","approved","admin@empresa.com","admin@empresa.com","approved","Aprovado conforme política da empresa","03/08/2025, 04:57:37","approved"
"5d2afbbf...","rejected","admin@empresa.com","admin@empresa.com","rejected","Rejeitado - não atende aos critérios estabelecidos","03/08/2025, 04:57:37","rejected"
"b4852f9f...","rejected","admin@empresa.com","admin@empresa.com","rejected","Rejeitado - não atende aos critérios estabelecidos","03/08/2025, 04:57:37","rejected"
"d3835d81...","approved","manager@empresa.com","manager@empresa.com","approved","Aprovado conforme política da empresa","03/08/2025, 04:57:37","approved"
"fac6f90d...","rejected","admin@empresa.com","admin@empresa.com","rejected","Rejeitado - não atende aos critérios estabelecidos","03/08/2025, 04:57:37","rejected"
"a8313c82...","approved","admin@empresa.com","admin@empresa.com","approved","Aprovado conforme política da empresa","03/08/2025, 04:57:37","approved"
"9b97e09f...","approved","manager@empresa.com","manager@empresa.com","approved","Aprovado conforme política da empresa","03/08/2025, 04:57:37","approved"
"1086b301...","approved","admin@empresa.com","admin@empresa.com","approved","Aprovado conforme política da empresa","03/08/2025, 04:57:37","approved"
"335798bd...","rejected","approver@empresa.com","approver@empresa.com","rejected","Rejeitado - não atende aos critérios estabelecidos","03/08/2025, 04:57:37","rejected"
"2cae7a1a...","approved","approver@empresa.com","approver@empresa.com","approved","Aprovado conforme política da empresa","03/08/2025, 04:57:37","approved"
"8cadbd4a...","approved","approver@empresa.com","approver@empresa.com","approved","Aprovado conforme política da empresa","03/08/2025, 04:57:37","approved"
"59210305...","approved","admin@empresa.com","admin@empresa.com","approved","Aprovado conforme política da empresa","03/08/2025, 04:57:37","approved"
"1475950b...","rejected","manager@empresa.com","manager@empresa.com","rejected","Rejeitado - não atende aos critérios estabelecidos","03/08/2025, 04:57:37","rejected"
"91b446ee...","approved","approver@empresa.com","approver@empresa.com","approved","Aprovado conforme política da empresa","03/08/2025, 04:57:37","approved"
"c486e013...","approved","approver@empresa.com","approver@empresa.com","approved","Aprovado conforme política da empresa","03/08/2025, 04:57:37","approved"
"a130c00e...","approved","approver@empresa.com","approver@empresa.com","approved","Aprovado conforme política da empresa","03/08/2025, 04:57:37","approved"
"0df25496...","approved","admin@empresa.com","admin@empresa.com","approved","Aprovado conforme política da empresa","03/08/2025, 04:57:37","approved"
"0a8a7f4c...","approved","admin@empresa.com","admin@empresa.com","approved","Aprovado conforme política da empresa","03/08/2025, 04:57:37","approved"
"f40ff13f...","approved","manager@empresa.com","manager@empresa.com","approved","Aprovado conforme política da empresa","03/08/2025, 04:57:37","approved"
"85bc276a...","approved","approver@empresa.com","approver@empresa.com","approved","Aprovado conforme política da empresa","03/08/2025, 04:57:37","approved"
"5b86c476...","rejected","admin@empresa.com","admin@empresa.com","rejected","gsdfgsdfgsdfg","03/08/2025, 04:55:42","rejected"
"15d8eea4...","rejected","admin@empresa.com","admin@empresa.com","rejected","Rejeitado via botão rápido","03/08/2025, 04:55:38","rejected"
"e4ebffa9...","approved","admin@empresa.com","admin@empresa.com","approved","Aprovado via botão rápido","03/08/2025, 04:55:37","approved"
"e56de7a1...","rejected","admin@empresa.com","admin@empresa.com","rejected","asdfgasdfasdf","03/08/2025, 04:55:24","rejected"
"e56de7a1...","approved","admin@empresa.com","admin@empresa.com","approved","sdfgsdfgsdfg","03/08/2025, 04:24:43","approved"
"a887cdc8...","rejected","admin@empresa.com","admin@empresa.com","rejected","Rejeitado via botão rápido","03/08/2025, 04:24:33","rejected"
"14315819...","approved","admin@empresa.com","admin@empresa.com","approved","Aprovado via botão rápido","03/08/2025, 04:24:30","approved"
"27f54c7e...","approved","admin@empresa.com","admin@empresa.com","approved","Aprovado via botão rápido","03/08/2025, 03:43:33","approved"
"9ecd0928...","rejected","admin@empresa.com","admin@empresa.com","rejected","Aprovado via botão rápido","03/08/2025, 03:38:45","rejected"
"9ecd0928...","approved","admin@empresa.com","admin@empresa.com","approved","Aprovado via botão rápido","03/08/2025, 03:38:08","approved"
"5c061125...","rejected","admin@empresa.com","admin@empresa.com","rejected","Rejeitado via botão rápido","03/08/2025, 03:38:03","rejected"
"8ac090f9...","rejected","admin@empresa.com","admin@empresa.com","rejected","Rejeitado via botão rápido","03/08/2025, 02:55:06","rejected"
"e97cfb4b...","approved","admin@empresa.com","admin@empresa.com","approved","Aprovado via botão rápido","03/08/2025, 02:55:05","approved"
"bb0ec036...","approved","admin@empresa.com","admin@empresa.com","approved","Aprovado via botão rápido","03/08/2025, 02:54:09","approved"
"bb0ec036...","rejected","admin@empresa.com","admin@empresa.com","rejected","Aprovado via botão rápido","03/08/2025, 02:54:05","rejected"
"bb0ec036...","approved","admin@empresa.com","admin@empresa.com","approved","Aprovado via botão rápido","03/08/2025, 02:51:16","approved"
"bb0ec036...","rejected","admin@empresa.com","admin@empresa.com","rejected","Aprovado via botão rápido","03/08/2025, 02:48:58","rejected"
"bb0ec036...","approved","admin@empresa.com","admin@empresa.com","approved","Aprovado via botão rápido","03/08/2025, 02:48:01","approved"
"bb0ec036...","rejected","admin@empresa.com","admin@empresa.com","rejected","Aprovado via botão rápido","03/08/2025, 02:46:39","rejected"
"bb0ec036...","approved","admin@empresa.com","admin@empresa.com","approved","Aprovado via botão rápido","03/08/2025, 02:44:24","approved"
"bb0ec036...","approved","admin@empresa.com","admin@empresa.com","approved","Aprovado via botão rápido","03/08/2025, 02:43:15","approved"
"bb0ec036...","rejected","admin@empresa.com","admin@empresa.com","rejected","Aprovado via botão rápido","03/08/2025, 02:39:10","rejected"
"bb0ec036...","approved","admin@empresa.com","admin@empresa.com","approved","Aprovado via botão rápido","03/08/2025, 02:38:56","approved"
"bb0ec036...","rejected","admin@empresa.com","admin@empresa.com","rejected","Aprovado via botão rápido","03/08/2025, 02:37:41","rejected"
"bb0ec036...","approved","admin@empresa.com","admin@empresa.com","approved","Aprovado via botão rápido","03/08/2025, 02:34:20","approved"
"bb0ec036...","rejected","admin@empresa.com","admin@empresa.com","rejected","Aprovado via botão rápido","03/08/2025, 02:34:14","rejected"
"bb0ec036...","approved","admin@empresa.com","admin@empresa.com","approved","Aprovado via botão rápido","03/08/2025, 02:34:02","approved"
"bb0ec036...","rejected","admin@empresa.com","admin@empresa.com","rejected","Aprovado via botão rápido","03/08/2025, 02:33:59","rejected"
"bb0ec036...","approved","admin@empresa.com","admin@empresa.com","approved","Aprovado via botão rápido","03/08/2025, 02:32:15","approved"
"bb0ec036...","rejected","admin@empresa.com","admin@empresa.com","rejected","Aprovado via botão rápido","03/08/2025, 02:19:10","rejected"
"27f54c7e...","restored","admin@empresa.com","admin@empresa.com","restored","Aprovação restaurada por admin@empresa.com - Status original: pending","03/08/2025, 02:19:04","restored"
"27f54c7e...","purchase","admin@empresa.com","admin@empresa.com","deleted","Aprovação deletada por admin@empresa.com","03/08/2025, 02:13:36","deleted"
"bb0ec036...","approved","admin@empresa.com","admin@empresa.com","approved","Aprovado via botão rápido","03/08/2025, 02:13:34","approved"
"391ee748...","rejected","admin@empresa.com","admin@empresa.com","rejected","Rejeitado via botão rápido","03/08/2025, 02:13:33","rejected"
"f6fdee78...","rejected","admin@empresa.com","admin@empresa.com","rejected","Aprovado via botão rápido","03/08/2025, 02:13:15","rejected"
"5a6fdf3f...","rejected","admin@empresa.com","admin@empresa.com","rejected","Aprovado via botão rápido","03/08/2025, 02:13:07","rejected"
"5a6fdf3f...","approved","admin@empresa.com","admin@empresa.com","approved","Aprovado via botão rápido","03/08/2025, 02:11:18","approved"
"f6fdee78...","approved","admin@empresa.com","admin@empresa.com","approved","Aprovado via botão rápido","03/08/2025, 02:10:50","approved"
"f6fdee78...","rejected","admin@empresa.com","admin@empresa.com","rejected","Aprovado via botão rápido","03/08/2025, 02:10:44","rejected"
"f6fdee78...","approved","admin@empresa.com","admin@empresa.com","approved","Aprovado via botão rápido","03/08/2025, 02:08:31","approved"
"0df05302...","approved","admin@empresa.com","admin@empresa.com","approved","Aprovado via botão rápido","03/08/2025, 02:07:50","approved"
"f6fdee78...","rejected","admin@empresa.com","admin@empresa.com","rejected","Aprovado via botão rápido","03/08/2025, 02:06:17","rejected"
"5a6fdf3f...","rejected","admin@empresa.com","admin@empresa.com","rejected","Aprovado via botão rápido","03/08/2025, 02:05:55","rejected"
"e56de7a1...","restored","admin@empresa.com","admin@empresa.com","restored","Aprovação restaurada por admin@empresa.com - Status original: pending","03/08/2025, 02:05:48","restored"
"5a6fdf3f...","approved","admin@empresa.com","admin@empresa.com","approved","Aprovado via botão rápido","03/08/2025, 02:04:30","approved"
"46239fee...","rejected","admin@empresa.com","admin@empresa.com","rejected","Rejeitado via botão rápido","03/08/2025, 02:04:29","rejected"
"e56de7a1...","reimbursement","ana.costa@empresa.com","admin@empresa.com","deleted","Aprovação deletada por admin@empresa.com","03/08/2025, 02:02:33","deleted"
"f6fdee78...","approved","admin@empresa.com","admin@empresa.com","approved","Aprovado via botão rápido","03/08/2025, 02:02:31","approved"
"96ad21be...","rejected","admin@empresa.com","admin@empresa.com","rejected","Rejeitado via botão rápido","03/08/2025, 02:02:30","rejected"
"f6fdee78...","restored","admin@empresa.com","admin@empresa.com","restored","Aprovação restaurada por admin@empresa.com - Status original: pending","03/08/2025, 01:27:23","restored"
"74a54236...","rejected","admin@empresa.com","admin@empresa.com","rejected","teste","03/08/2025, 01:27:11","rejected"
"e6a7ca02...","rejected","admin@empresa.com","admin@empresa.com","rejected","Rejeitado via botão rápido","03/08/2025, 01:27:07","rejected"
"c8331889...","approved","admin@empresa.com","admin@empresa.com","approved","teste","03/08/2025, 01:27:05","approved"
"20acc8f6...","approved","admin@empresa.com","admin@empresa.com","approved","Rejeitado via botão rápido","03/08/2025, 01:26:33","approved"
"20acc8f6...","rejected","admin@empresa.com","admin@empresa.com","rejected","Rejeitado via botão rápido","03/08/2025, 01:26:22","rejected"
"20acc8f6...","restored","admin@empresa.com","admin@empresa.com","restored","Aprovação restaurada por admin@empresa.com - Status original: pending","03/08/2025, 01:25:11","restored"
"20acc8f6...","purchase","joao.silva@empresa.com","admin@empresa.com","deleted","Aprovação deletada por admin@empresa.com","03/08/2025, 01:22:15","deleted"
"891b8e54...","approved","admin@empresa.com","admin@empresa.com","approved","teste","03/08/2025, 01:11:22","approved"
"891b8e54...","rejected","admin@empresa.com","admin@empresa.com","rejected","teste","03/08/2025, 01:11:13","rejected"
"891b8e54...","approved","admin@empresa.com","admin@empresa.com","approved","Aprovado via botão rápido","03/08/2025, 01:07:17","approved"
"c1e369cc...","rejected","admin@empresa.com","admin@empresa.com","rejected","Rejeitado via botão rápido","03/08/2025, 01:07:16","rejected"
"b321466e...","rejected","admin@empresa.com","admin@empresa.com","rejected","Rejeitado via botão rápido","03/08/2025, 01:06:59","rejected"
"17b787e1...","vacation","maria.santos@empresa.com","admin@empresa.com","deleted","Aprovação deletada por admin@empresa.com","03/08/2025, 01:06:58","deleted"
"1bdf8146...","approved","admin@empresa.com","admin@empresa.com","approved","Aprovado via botão rápido","03/08/2025, 01:06:55","approved"
"c6356657...","rejected","admin@empresa.com","admin@empresa.com","rejected","Rejeitado via botão rápido","03/08/2025, 01:06:54","rejected"
"7f3f0aac...","rejected","admin@empresa.com","admin@empresa.com","rejected","Rejeitado via botão rápido","03/08/2025, 01:06:52","rejected"
"4a0f3c24...","approved","admin@empresa.com","admin@empresa.com","approved","Aprovado via botão rápido","03/08/2025, 01:06:49","approved"
"157f2e01...","approved","admin@empresa.com","admin@empresa.com","approved","Aprovado via botão rápido","03/08/2025, 01:04:34","approved"
"b63e5e94...","rejected","admin@empresa.com","admin@empresa.com","rejected","Rejeitado via botão rápido","03/08/2025, 01:04:33","rejected"
"b90782e9...","rejected","admin@empresa.com","admin@empresa.com","rejected","Rejeitado via botão rápido","03/08/2025, 01:04:32","rejected"
"156a31a4...","approved","admin@empresa.com","admin@empresa.com","approved","Aprovado via botão rápido","03/08/2025, 01:04:31","approved"
"489f4101...","rejected","admin@empresa.com","admin@empresa.com","rejected","Rejeitado via botão rápido","03/08/2025, 01:00:31","rejected"
"b687763c...","approved","admin@empresa.com","admin@empresa.com","approved","Aprovado via botão rápido","03/08/2025, 01:00:30","approved"
"f6fdee78...","reimbursement","gabriel.lima@empresa.com","admin@empresa.com","deleted","Aprovação deletada por admin@empresa.com","03/08/2025, 01:00:21","deleted"
"99e9a1d0...","vacation","pedro.oliveira@empresa.com","admin@empresa.com","deleted","Aprovação deletada por admin@empresa.com","03/08/2025, 01:00:19","deleted"
"f2a64036...","vacation","julia.ferreira@empresa.com","admin@empresa.com","deleted","Aprovação deletada por admin@empresa.com","03/08/2025, 01:00:06","deleted"
"077389dd...","approved","admin@empresa.com","admin@empresa.com","approved","Aprovado via botão rápido","03/08/2025, 01:00:01","approved"
"85caa670...","rejected","admin@empresa.com","admin@empresa.com","rejected","Rejeitado via botão rápido","03/08/2025, 00:59:59","rejected"
"f60cc776...","rejected","admin@empresa.com","admin@empresa.com","rejected","Rejeitado via botão rápido","03/08/2025, 00:59:56","rejected"
"68b051c7...","approved","admin@empresa.com","admin@empresa.com","approved","Aprovado via botão rápido","03/08/2025, 00:59:54","approved"
"19946d26...","approved","admin@empresa.com","admin@empresa.com","approved","Aprovado via botão rápido","03/08/2025, 00:59:54","approved"
"fa49af10...","rejected","admin@empresa.com","admin@empresa.com","rejected","Rejeitado via botão rápido","03/08/2025, 00:59:34","rejected"
"04ae0af9...","rejected","manager@empresa.com","manager@empresa.com","rejected","Rejeitado - não atende aos critérios estabelecidos","03/08/2025, 00:54:55","rejected"
"3a5d1c89...","approved","admin@empresa.com","admin@empresa.com","approved","Aprovado conforme política da empresa","03/08/2025, 00:54:55","approved"
"0c592486...","approved","manager@empresa.com","manager@empresa.com","approved","Aprovado conforme política da empresa","03/08/2025, 00:54:55","approved"
"0ce26b62...","rejected","admin@empresa.com","admin@empresa.com","rejected","Rejeitado - não atende aos critérios estabelecidos","03/08/2025, 00:54:55","rejected"
"98883a38...","approved","admin@empresa.com","admin@empresa.com","approved","Aprovado conforme política da empresa","03/08/2025, 00:54:55","approved"
"fd5769df...","approved","admin@empresa.com","admin@empresa.com","approved","Aprovado conforme política da empresa","03/08/2025, 00:54:55","approved"
"2e0433a3...","rejected","approver@empresa.com","approver@empresa.com","rejected","Rejeitado - não atende aos critérios estabelecidos","03/08/2025, 00:54:55","rejected"
"63a89748...","rejected","manager@empresa.com","manager@empresa.com","rejected","Rejeitado - não atende aos critérios estabelecidos","03/08/2025, 00:54:55","rejected"
"9596ce5a...","approved","admin@empresa.com","admin@empresa.com","approved","Aprovado conforme política da empresa","03/08/2025, 00:54:55","approved"
"043a7cb4...","rejected","admin@empresa.com","admin@empresa.com","rejected","Rejeitado - não atende aos critérios estabelecidos","03/08/2025, 00:54:55","rejected"
"60f13cbc...","rejected","manager@empresa.com","manager@empresa.com","rejected","Rejeitado - não atende aos critérios estabelecidos","03/08/2025, 00:54:55","rejected"
"8bd2e9f5...","approved","approver@empresa.com","approver@empresa.com","approved","Aprovado conforme política da empresa","03/08/2025, 00:54:55","approved"
"6c145541...","approved","admin@empresa.com","admin@empresa.com","approved","Aprovado conforme política da empresa","03/08/2025, 00:54:55","approved"
"2b99bd4b...","approved","admin@empresa.com","admin@empresa.com","approved","Aprovado conforme política da empresa","03/08/2025, 00:54:55","approved"
"885840b3...","rejected","admin@empresa.com","admin@empresa.com","rejected","Rejeitado - não atende aos critérios estabelecidos","03/08/2025, 00:54:55","rejected"
"64ed5bc5...","approved","admin@empresa.com","admin@empresa.com","approved","Aprovado conforme política da empresa","03/08/2025, 00:54:55","approved"
"817e0a7c...","rejected","admin@empresa.com","admin@empresa.com","rejected","Rejeitado - não atende aos critérios estabelecidos","03/08/2025, 00:54:55","rejected"
"0505cfdc...","rejected","admin@empresa.com","admin@empresa.com","rejected","Rejeitado - não atende aos critérios estabelecidos","03/08/2025, 00:54:55","rejected"
"7717944c...","approved","manager@empresa.com","manager@empresa.com","approved","Aprovado conforme política da empresa","03/08/2025, 00:54:55","approved"
"d59680a8...","rejected","approver@empresa.com","approver@empresa.com","rejected","Rejeitado - não atende aos critérios estabelecidos","03/08/2025, 00:54:55","rejected"
"d153e41f...","approved","approver@empresa.com","approver@empresa.com","approved","Aprovado conforme política da empresa","03/08/2025, 00:54:55","approved"
"c10173ee...","rejected","approver@empresa.com","approver@empresa.com","rejected","Rejeitado - não atende aos critérios estabelecidos","03/08/2025, 00:54:55","rejected"
"0f363607...","approved","approver@empresa.com","approver@empresa.com","approved","Aprovado conforme política da empresa","03/08/2025, 00:54:55","approved"
"b53c183a...","rejected","manager@empresa.com","manager@empresa.com","rejected","Rejeitado - não atende aos critérios estabelecidos","03/08/2025, 00:54:55","rejected"
"2cc112aa...","approved","approver@empresa.com","approver@empresa.com","approved","Aprovado conforme política da empresa","03/08/2025, 00:54:55","approved"
"0ad0f85f...","rejected","admin@empresa.com","admin@empresa.com","rejected","Rejeitado - não atende aos critérios estabelecidos","03/08/2025, 00:54:55","rejected"
"6a5f7456...","approved","admin@empresa.com","admin@empresa.com","approved","Aprovado conforme política da empresa","03/08/2025, 00:54:55","approved"
"e55ca3cb...","rejected","admin@empresa.com","admin@empresa.com","rejected","Rejeitado - não atende aos critérios estabelecidos","03/08/2025, 00:54:55","rejected"
"3c593498...","rejected","admin@empresa.com","admin@empresa.com","rejected","Rejeitado - não atende aos critérios estabelecidos","03/08/2025, 00:54:55","rejected"
"83fb4b80...","approved","admin@empresa.com","admin@empresa.com","approved","Aprovado conforme política da empresa","03/08/2025, 00:54:55","approved"
"fed2ec52...","rejected","approver@empresa.com","approver@empresa.com","rejected","Rejeitado - não atende aos critérios estabelecidos","03/08/2025, 00:54:55","rejected"
"6628d326...","rejected","admin@empresa.com","admin@empresa.com","rejected","Rejeitado - não atende aos critérios estabelecidos","03/08/2025, 00:54:55","rejected"
"e41e5991...","rejected","manager@empresa.com","manager@empresa.com","rejected","Rejeitado - não atende aos critérios estabelecidos","03/08/2025, 00:54:55","rejected"
"a49ed953...","approved","manager@empresa.com","manager@empresa.com","approved","Aprovado conforme política da empresa","03/08/2025, 00:54:55","approved"
"63d5faf7...","approved","approver@empresa.com","approver@empresa.com","approved","Aprovado conforme política da empresa","03/08/2025, 00:54:55","approved"
"9f63c710...","rejected","admin@empresa.com","admin@empresa.com","rejected","Rejeitado - não atende aos critérios estabelecidos","03/08/2025, 00:54:55","rejected"
"e4032b86...","approved","approver@empresa.com","approver@empresa.com","approved","Aprovado conforme política da empresa","03/08/2025, 00:54:55","approved"
"447e7d64...","rejected","approver@empresa.com","approver@empresa.com","rejected","Rejeitado - não atende aos critérios estabelecidos","03/08/2025, 00:54:55","rejected"
"997ef4ba...","rejected","manager@empresa.com","manager@empresa.com","rejected","Rejeitado - não atende aos critérios estabelecidos","03/08/2025, 00:54:55","rejected"
"1c4739c8...","approved","manager@empresa.com","manager@empresa.com","approved","Aprovado conforme política da empresa","03/08/2025, 00:54:55","approved"
"bf8336a1...","approved","manager@empresa.com","manager@empresa.com","approved","Aprovado conforme política da empresa","03/08/2025, 00:54:55","approved"
"d97c1e5d...","rejected","approver@empresa.com","approver@empresa.com","rejected","Rejeitado - não atende aos critérios estabelecidos","03/08/2025, 00:54:55","rejected"
"5d02992f...","rejected","approver@empresa.com","approver@empresa.com","rejected","Rejeitado - não atende aos critérios estabelecidos","03/08/2025, 00:54:55","rejected"
"4f513eca...","rejected","admin@empresa.com","admin@empresa.com","rejected","Rejeitado - não atende aos critérios estabelecidos","03/08/2025, 00:54:55","rejected"
"bf7db40b...","approved","admin@empresa.com","admin@empresa.com","approved","Aprovado conforme política da empresa","03/08/2025, 00:54:55","approved"
"d44f4fae...","approved","admin@empresa.com","admin@empresa.com","approved","Aprovado conforme política da empresa","03/08/2025, 00:54:55","approved"
"434794a1...","approved","manager@empresa.com","manager@empresa.com","approved","Aprovado conforme política da empresa","03/08/2025, 00:54:55","approved"
"2209a0b1...","rejected","admin@empresa.com","admin@empresa.com","rejected","Rejeitado - não atende aos critérios estabelecidos","03/08/2025, 00:54:55","rejected"
"205dfae4...","approved","manager@empresa.com","manager@empresa.com","approved","Aprovado conforme política da empresa","03/08/2025, 00:54:55","approved"
"a115fcb3...","approved","admin@empresa.com","admin@empresa.com","approved","Aprovado conforme política da empresa","03/08/2025, 00:54:55","approved"
"b19d50c4...","rejected","approver@empresa.com","approver@empresa.com","rejected","Rejeitado - não atende aos critérios estabelecidos","03/08/2025, 00:54:55","rejected"
"3c7ec1fd...","rejected","manager@empresa.com","manager@empresa.com","rejected","Rejeitado - não atende aos critérios estabelecidos","03/08/2025, 00:54:55","rejected"
"87e25e61...","approved","manager@empresa.com","manager@empresa.com","approved","Aprovado conforme política da empresa","03/08/2025, 00:54:55","approved"
"27453c67...","rejected","manager@empresa.com","manager@empresa.com","rejected","Rejeitado - não atende aos critérios estabelecidos","03/08/2025, 00:54:55","rejected"
"fecdf1ee...","rejected","approver@empresa.com","approver@empresa.com","rejected","Rejeitado - não atende aos critérios estabelecidos","03/08/2025, 00:54:55","rejected"
"f6cd8f27...","rejected","admin@empresa.com","admin@empresa.com","rejected","Rejeitado - não atende aos critérios estabelecidos","03/08/2025, 00:54:55","rejected"
"38cedd63...","rejected","manager@empresa.com","manager@empresa.com","rejected","Rejeitado - não atende aos critérios estabelecidos","03/08/2025, 00:54:55","rejected"
"3fdebdc7...","approved","manager@empresa.com","manager@empresa.com","approved","Aprovado conforme política da empresa","03/08/2025, 00:54:55","approved"
"faaf705d...","rejected","manager@empresa.com","manager@empresa.com","rejected","Rejeitado - não atende aos critérios estabelecidos","03/08/2025, 00:54:55","rejected"
"07525072...","approved","approver@empresa.com","approver@empresa.com","approved","Aprovado conforme política da empresa","03/08/2025, 00:54:55","approved"
"2a66be0e...","rejected","manager@empresa.com","manager@empresa.com","rejected","Rejeitado - não atende aos critérios estabelecidos","03/08/2025, 00:54:55","rejected"
"d2333096...","rejected","approver@empresa.com","approver@empresa.com","rejected","Rejeitado - não atende aos critérios estabelecidos","03/08/2025, 00:54:55","rejected"
"d609e919...","rejected","approver@empresa.com","approver@empresa.com","rejected","Rejeitado - não atende aos critérios estabelecidos","03/08/2025, 00:54:55","rejected"
"507bf3c6...","approved","approver@empresa.com","approver@empresa.com","approved","Aprovado conforme política da empresa","03/08/2025, 00:54:55","approved"
"e69aa5a0...","rejected","admin@empresa.com","admin@empresa.com","rejected","Rejeitado - não atende aos critérios estabelecidos","03/08/2025, 00:54:55","rejected"
"e4cd6906...","rejected","admin@empresa.com","admin@empresa.com","rejected","Rejeitado - não atende aos critérios estabelecidos","03/08/2025, 00:54:55","rejected"
"a668669e...","rejected","admin@empresa.com","admin@empresa.com","rejected","Rejeitado - não atende aos critérios estabelecidos","03/08/2025, 00:54:55","rejected"